H_A_per_m,B_T
0.000000000000000000e+00,0.000000000000000000e+00
1.479681978719558444e+01,3.732976279886306148e-02
2.870289680678524036e+01,7.417937192434366500e-02
4.179567622327449072e+01,1.121939403594475332e-01
5.414473903344472205e+01,1.529359848591347326e-01
6.581256017382571599e+01,1.981202916354703469e-01
7.685519486657368304e+01,2.498636517551514891e-01
8.732290002877778079e+01,3.110279495865995170e-01
9.726069691970495512e+01,3.857818991691173705e-01
1.067088806119528215e+02,4.806283472490072151e-01
1.157034813400151876e+02,6.064830667767289185e-01
1.242766822980296695e+02,7.648617543342300928e-01
1.324571980226412222e+02,8.807276039030891290e-01
1.402706171026090374e+02,9.626670796429365184e-01
1.477397126000488470e+02,1.023805228409807810e+00
1.548847232454617711e+02,1.071246672410192780e+00
1.617236081767168798e+02,1.109175246822154515e+00
1.682722777279954016e+02,1.140216685364170202e+00
1.745448025357246991e+02,1.166103107818951212e+00
1.805536030123256808e+02,1.188024017992247439e+00
1.863096210430044266e+02,1.206823700395476484e+00
1.918224755838710678e+02,1.223118214587615826e+00
1.971006036795912166e+02,1.237367783454724313e+00
2.021513882739615724e+02,1.249923187100168365e+00
2.069812740557969732e+02,1.261056529114221059e+00
2.115958724640070443e+02,1.270982121242704821e+00
2.160000568685348128e+02,1.279871044312262951e+00
2.201980488468524868e+02,1.287861508622585527e+00
2.241934963879855616e+02,1.295066348832276670e+00
2.279895447766858183e+02,1.301578559267854818e+00
2.315889008385960324e+02,1.307475420872248106e+00
2.349938911623270599e+02,1.312821640601772311e+00
2.382065148556439453e+02,1.317671755702285896e+00
2.412284913398472668e+02,1.322071996197008215e+00
2.440613036383966516e+02,1.326061751892556595e+00
2.467062375723800187e+02,1.329674726439293631e+00
2.491644172361413894e+02,1.332939862868551817e+00
2.514368370908484280e+02,1.335882082882136501e+00
2.535243909816516350e+02,1.338522887798293537e+00
2.554278983550315729e+02,1.340880845955720657e+00
2.571481279266613456e+02,1.342971996196659523e+00
2.586858190263599226e+02,1.344810169077240714e+00
2.600417008252373989e+02,1.346407264347548205e+00
2.612165096307209069e+02,1.347773470229284287e+00
2.622110044176037604e+02,1.348917449236439747e+00
2.630259807473960336e+02,1.349846490482238925e+00
2.636622832139246952e+02,1.350566634771743102e+00
2.641208165401712904e+02,1.351082780124987615e+00
2.644025554396349662e+02,1.351398759847787456e+00
2.645085533449267814e+02,1.351517412844266630e+00
2.644399500967527956e+02,1.351505181658939403e+00
2.641979786778066455e+02,1.351461945163685341e+00
2.637839710683030034e+02,1.351387622227532948e+00
2.631993632928408715e+02,1.351281927362353530e+00
2.624456997219335790e+02,1.351144376362724220e+00
2.615246366858019655e+02,1.350974291757949919e+00
2.604379454528534552e+02,1.350770808071813489e+00
2.591875146205924807e+02,1.350532876975466978e+00
2.577753519624971545e+02,1.350259272294289659e+00
2.562035857705894841e+02,1.349948594964322179e+00
2.544744657300005031e+02,1.349599277829847788e+00
2.525903633587391823e+02,1.349209590408170012e+00
2.505537720430849902e+02,1.348777643518567659e+00
2.483673066965151293e+02,1.348301393789346436e+00
2.460337030678120698e+02,1.347778648052132988e+00
2.435558167219604400e+02,1.347207067573705341e+00
2.409366217156059520e+02,1.346584172136417790e+00
2.381792089871977964e+02,1.345907343910341725e+00
2.352867844804466984e+02,1.345173831117698615e+00
2.322626670183960300e+02,1.344380751491234705e+00
2.291102859441962778e+02,1.343525095456625351e+00
2.258331785435930783e+02,1.342603729073213792e+00
2.224349872631644303e+02,1.341613396648415168e+00
2.189194567374675557e+02,1.340550723165566449e+00
2.152904306374699104e+02,1.339412216277878986e+00
2.115518483519302038e+02,1.338194268138787502e+00
2.077077415127616291e+02,1.336893156841431507e+00
2.037622303748359229e+02,1.335505047608539053e+00
1.997195200601739771e+02,1.334025993710502123e+00
1.955838966760068161e+02,1.332451937124121466e+00
1.913597233157736923e+02,1.330778708983166414e+00
1.870514359517494256e+02,1.329002029812933250e+00
1.826635392276570258e+02,1.327117509674915485e+00
1.782006021593130072e+02,1.325120648146035585e+00
1.736672537510817165e+02,1.323006834377765895e+00
1.690681785356617297e+02,1.320771347150006436e+00
1.644081120445018769e+02,1.318409355092846846e+00
1.596918362159392473e+02,1.315915917157436610e+00
1.549241747479622404e+02,1.313285983483595709e+00
1.501099884023281561e+02,1.310514396743587717e+00
1.452541702666089805e+02,1.307595894195006547e+00
1.403616409805890441e+02,1.304525110558110157e+00
1.354373439333040210e+02,1.301296581926572049e+00
1.304862404368827526e+02,1.297904750935183760e+00
1.255133048832324221e+02,1.294343973478961018e+00
1.205235198894965549e+02,1.290608525058380751e+00
1.155218714381053928e+02,1.286694436716275591e+00
1.105133440171352106e+02,1.282605376106495054e+00
1.055029157665931763e+02,1.278343382551112128e+00
1.004955536361491539e+02,1.273907591405919693e+00
9.549620855973655864e+01,1.269295671065832076e+00
9.050981065235522749e+01,1.264504481163485572e+00
8.554126443431506743e+01,1.259530418049228828e+00
8.059544408806686988e+01,1.254369624674707140e+00
7.567718875267505041e+01,1.249018130919988590e+00
7.079129786089568199e+01,1.243471961871593479e+00
6.594252652372975376e+01,1.237727229732430878e+00
6.113558096722680801e+01,1.231780217975670721e+00
5.637511402622043732e+01,1.225627467847056007e+00
5.166572069958198199e+01,1.219265863908763237e+00
4.701193377147623664e+01,1.212692727159985662e+00
4.241821950300798250e+01,1.205905915702310427e+00
3.788897339854551660e+01,1.198903931841521331e+00
3.342851605090083922e+01,1.191686039501793415e+00
2.904108906944360058e+01,1.184252392675886112e+00
2.473085109511865198e+01,1.176604172072474697e+00
2.050187390622296846e+01,1.168743735035294939e+00
1.635813861869013408e+01,1.160674772297415336e+00
1.230353198451307151e+01,1.152402478552093434e+00
8.341842791821946435e+00,1.143933726219551250e+00
4.476758370011793886e+00,1.135277253762097427e+00
7.118612031960367403e-01,1.126443850812899328e+00
-2.949374344859947428e+00,1.117446549734895100e+00
-6.503585191300246038e+00,1.108300814208135421e+00
-9.947522577333771210e+00,1.099024718559632907e+00
-1.327805499121080857e+01,1.089639126411207304e+00
-1.649217096838344787e+01,1.080167829408155145e+00
-1.958698176634014487e+01,1.070637684996029737e+00
-2.255972391174336167e+01,1.061078698695082867e+00
-2.540776161763115226e+01,1.051524084532742487e+00
-2.812858906858620855e+01,1.042010257522849592e+00
-3.071983257191051564e+01,1.032576767107814986e+00
-3.317925257298495012e+01,1.023266173786999911e+00
-3.550474553313763693e+01,1.014123834287101067e+00
-3.769434566848272539e+01,1.005197604997877248e+00
-3.974622654833885349e+01,9.965374613570308071e-01
-4.165870255197755512e+01,9.881950152892300387e-01
-4.343023018259978585e+01,9.802229435676474978e-01
-4.505940923758190308e+01,9.726743318743753530e-01
-4.654498383417958962e+01,9.656019539496687454e-01
-4.788584329002439688e+01,9.590574452509061931e-01
-4.908102285789421160e+01,9.530904866756297888e-01
-5.012970431438412788e+01,9.477479026919213290e-01
-5.103121640225285205e+01,9.430728204752170107e-01
-5.178503512636396522e+01,9.391038023976272520e-01
-5.239078390328783996e+01,9.358740746515901154e-01
-5.284823356477595269e+01,9.334108263862794796e-01
-5.315730221546235157e+01,9.317346227598846120e-01
-5.331805494529324108e+01,9.308589536862692526e-01
-5.333070339732633158e+01,9.307899416283267335e-01
-5.319560519168464907e+01,9.307952388518841991e-01
-5.291326320659062787e+01,9.308065121994091307e-01
-5.248432471754465212e+01,9.308241631633842328e-01
-5.190958039585134998e+01,9.308488045946706757e-01
-5.118996316783231748e+01,9.308812550384478746e-01
-5.032654693619943487e+01,9.309225322049273776e-01
-4.932054516519593790e+01,9.309738459096620344e-01
-4.817330933124276271e+01,9.310365908707669558e-01
-4.688632724095658943e+01,9.311123397578036087e-01
-4.546122121853412068e+01,9.312028369160073593e-01
-4.389974616461908852e+01,9.313099931703799905e-01
-4.220378748889311282e+01,9.314358821028031477e-01
-4.037535891874894389e+01,9.315827381539649732e-01
-3.841660018652235919e+01,9.317529569145275303e-01
-3.632977459787315411e+01,9.319490978882278842e-01
-3.411726648401642592e+01,9.321738900577520859e-01
-3.178157854061385024e+01,9.324302404923201504e-01
-2.932532905623918396e+01,9.327212463174044954e-01
-2.675124903343618143e+01,9.330502103280168269e-01
-2.406217920548294842e+01,9.334206605703206927e-01
-2.126106695207437269e+01,9.338363742698038150e-01
-1.835096311722648466e+01,9.343014065744386087e-01
-1.533501873279291772e+01,9.348201246051187630e-01
-1.221648165107062312e+01,9.353972474974275864e-01
-8.998693090053379251e+00,9.360378932508186534e-01
-5.685084094966924795e+00,9.367476333512806397e-01
-2.279171919796056045e+00,9.375325563653849059e-01
1.215443667418327323e+00,9.383993420685933229e-01
4.795084151665690797e+00,9.393553479121411476e-01
8.455996106530605516e+00,9.404087101284575034e-01
1.219435509427016484e+01,9.415684623255337060e-01
1.600626962638382622e+01,9.428446751044391450e-01
1.988778518060915701e+01,9.442486211288172449e-01
2.383488827022785017e+01,9.457929711495546288e-01
2.784351056152540593e+01,9.474920279569615245e-01
3.190953303521308726e+01,9.493620073044312102e-01
3.602879018758474672e+01,9.514213769866649573e-01
4.019707426715425669e+01,9.536912684349797553e-01
4.441013954249275031e+01,9.561959807747106854e-01
4.866370659696904255e+01,9.589636003738785108e-01
5.295346664607399134e+01,9.620267711401353505e-01
5.727508587300519594e+01,9.654236563257392323e-01
6.162420977817561862e+01,9.691991540589340870e-01
6.599646753830984380e+01,9.734064445056668236e-01
7.038747637079218578e+01,9.781089807681102588e-01
7.479284589893568125e+01,9.833830817017559234e-01
7.920818251385216513e+01,9.893213441770590810e-01
8.362909372861777513e+01,9.960371985749475465e-01
8.805119252044518419e+01,1.003671082481904619e+00
9.247010165659773406e+01,1.012398935494459806e+00
9.688145799980772210e+01,1.022444108306535204e+00
1.012809167889891739e+02,1.034094413056217299e+00
1.056641558910757084e+02,1.047727083751795574e+00
1.100268800198463026e+02,1.063846305521185975e+00
1.143648249176511484e+02,1.083141466095985272e+00
1.186737614959922524e+02,1.106580817969536223e+00
1.229494999309662262e+02,1.132722638149301186e+00
1.271878937096315525e+02,1.154695972467612242e+00
1.313848436234192150e+02,1.173124872046978462e+00
1.355363017047695280e+02,1.188829418373791080e+00
1.396382751032435863e+02,1.202392140292217526e+00
1.436868298974255254e+02,1.214238147642066057e+00
1.476780948390055528e+02,1.224684900831840784e+00
1.516082650255099509e+02,1.233974233778828200e+00
1.554736054982242877e+02,1.242293560071531910e+00
1.592704547619345306e+02,1.249790362743181227e+00
1.629952282232045206e+02,1.256582256829576139e+00
1.666444215439887557e+02,1.262764177959763368e+00
1.702146139074759503e+02,1.268413579261809199e+00
1.737024711931523768e+02,1.273594265250133528e+00
1.771047490581716772e+02,1.278359260748004989e+00
1.804182959222146110e+02,1.282752982305752187e+00
1.836400558531318836e+02,1.286812905293377884e+00
1.867670713507591813e+02,1.290570862818830156e+00
1.897964860264082745e+02,1.294054051114763126e+00
1.927255471756427312e+02,1.297285836928455671e+00
1.955516082420606381e+02,1.300286398752139805e+00
1.982721311699203284e+02,1.303073239345641454e+00
2.008846886435572685e+02,1.305661601279456852e+00
2.033869662116635482e+02,1.308064811755145218e+00
2.057767642946130593e+02,1.310294563802322898e+00
2.080520000731414996e+02,1.312361128826041945e+00
2.102107092568076325e+02,1.314273580940684916e+00
2.122510477307883718e+02,1.316039921143334235e+00
2.141712930796822150e+02,1.317667234163930834e+00
2.159698459871206069e+02,1.319161795451627261e+00
2.176452315101141153e+02,1.320529162894370279e+00
2.191961002271856387e+02,1.321774258236317223e+00
2.206212292594697146e+02,1.322901435807264381e+00
2.219195231640865131e+02,1.323914537724921292e+00
2.230900146992247528e+02,1.324816945849345062e+00
2.241318654604991139e+02,1.325611632266727291e+00
2.250443663882720102e+02,1.326301164208238070e+00
2.258269381457628810e+02,1.326887780687171947e+00
2.264791313678923359e+02,1.327373363669084538e+00
2.270006267809384894e+02,1.327759508606412675e+00
2.273912351932102069e+02,1.328047513918027667e+00
2.276508973570689136e+02,1.328238388802582159e+00
2.277796837027561310e+02,1.328332887460974110e+00
2.277777939446120854e+02,1.328332415749247541e+00
2.276455565603922366e+02,1.328299379876177300e+00
2.273834281445145962e+02,1.328233734167213465e+00
2.269919926361931175e+02,1.328135308797158132e+00
2.264719604235327211e+02,1.328003811349910412e+00
2.258241673247822803e+02,1.327838828571400676e+00
2.250495734480607268e+02,1.327639828287356716e+00
2.241492619309877057e+02,1.327406161551646147e+00
2.231244375617653759e+02,1.327137064924689858e+00
2.219764252833723503e+02,1.326831662914391030e+00
2.207066685826408161e+02,1.326488970599294603e+00
2.193167277660988361e+02,1.326107896384899787e+00
2.178082781245650494e+02,1.325687244863384961e+00
2.161831079885914448e+02,1.325225719847267225e+00
2.144431166769483639e+02,1.324721927459809434e+00
2.125903123404495716e+02,1.324174379363944221e+00
2.106268097035120945e+02,1.323581496038177319e+00
2.085548277059391467e+02,1.322941610177435168e+00
2.063766870475098472e+02,1.322252970129297323e+00
2.040948076380457792e+02,1.321513743391697693e+00
2.017117059557151038e+02,1.320722020199131430e+00
1.992299923164143820e+02,1.319875817142244889e+00
1.966523680571529553e+02,1.318973080818839128e+00
1.939816226364409317e+02,1.318011691611581160e+00
1.912206306547556096e+02,1.316989467404574121e+00
1.883723487982334461e+02,1.315904167503908706e+00
1.854398127088049364e+02,1.314753496536059219e+00
1.824261337840484032e+02,1.313535108475182511e+00
1.793344959101069378e+02,1.312246610782765499e+00
1.761681521310667620e+02,1.310885568668149537e+00
1.729304212582493960e+02,1.309449509524816424e+00
1.696246844229238206e+02,1.307935927504287443e+00
1.662543815759869403e+02,1.306342288426691978e+00
1.628230079382120721e+02,1.304666034826726939e+00
1.593341104046948544e+02,1.302904591412677782e+00
1.557912839071719873e+02,1.301055370863736904e+00
1.521981677379145594e+02,1.299115780007743082e+00
1.485584418389282746e+02,1.297083226551803081e+00
1.448758230602190622e+02,1.294955126354526698e+00
1.411540613909005515e+02,1.292728911267803094e+00
1.373969361669428793e+02,1.290402037781170463e+00
1.336082522593684416e+02,1.287971996418331599e+00
1.297918362467168549e+02,1.285436322016528576e+00
1.259515325756032382e+02,1.282792604988764573e+00
1.220911997131983071e+02,1.280038503772071623e+00
1.182147062954559544e+02,1.277171900001374150e+00
1.143259272749078974e+02,1.274194224561729483e+00
1.104287400718405365e+02,1.271109109140056814e+00
1.065270207326480971e+02,1.267918536541059016e+00
1.026246400991476264e+02,1.264623508013033026e+00
9.872545999261642180e+01,1.261224507208101198e+00
9.483332941629014101e+01,1.257721758555061520e+00
9.095208078003051355e+01,1.254115385751285228e+00
8.708552615084511217e+01,1.250405518658609605e+00
8.323745353289918114e+01,1.246592371951822820e+00
7.941162318062868053e+01,1.242676307033867777e+00
7.561176394851760563e+01,1.238657887468539887e+00
7.184156968105878605e+01,1.234537924157864897e+00
6.810469564636922257e+01,1.230317523925801737e+00
6.440475501687690496e+01,1.225998131845648098e+00
6.074531540044647215e+01,1.221581575424101285e+00
5.712989542524422149e+01,1.217070107933515999e+00
5.356196138158988163e+01,1.212466454248522618e+00
5.004492392397309430e+01,1.207773853061409941e+00
4.658213483634700935e+01,1.202996102372633436e+00
4.317688386373942677e+01,1.198137604057683436e+00
3.983239561315266286e+01,1.193203407265996496e+00
3.655182652664070275e+01,1.188199251728141004e+00
3.333826192938060728e+01,1.183131608933283063e+00
3.019471315546824997e+01,1.178007721902853522e+00
2.712411475409044215e+01,1.172835638378600276e+00
2.412932177863237371e+01,1.167624245009870165e+00
2.121310716119720041e+01,1.162383291680384900e+00
1.837815917492076778e+01,1.157123411255828405e+00
1.562707898637191306e+01,1.151856132455268966e+00
1.296237830023477500e+01,1.146593881293334061e+00
1.038647709837191258e+01,1.141349973983076804e+00
7.901701475269263142e+00,1.136138598428660051e+00
5.510281571762192243e+00,1.130974781885115021e+00
3.214349608843022565e+00,1.125874344449161235e+00
1.015938023242156873e+00,1.120853838781263434e+00
-1.083022293625518273e+00,1.115930472971317089e+00
-3.080703651865619008e+00,1.111122017616684721e+00
-4.975383113085314335e+00,1.106446695844955919e+00
-6.765443932880685907e+00,1.101923058234588915e+00
-8.449376894674927030e+00,1.097569840388683549e+00
-1.002578153385709925e+01,1.093405807499128857e+00
-1.149336725128618752e+01,1.089449584094448698e+00
-1.285095431533486021e+01,1.085719476048865983e+00
-1.409747475176051523e+01,1.082233280437320033e+00
-1.523197312080388599e+01,1.079008091590942353e+00
-1.625360718102783153e+01,1.076060109052447311e+00
-1.716164843952330443e+01,1.073404438889148160e+00
-1.795548258822215359e+01,1.071054911871384796e+00
-1.863460982616952322e+01,1.069023903681713961e+00
-1.919864506772233881e+01,1.067322170347518639e+00
-1.964731803675313415e+01,1.065958708025105839e+00
-1.998047324705056838e+01,1.064940627004382634e+00
-2.019806986922081649e+01,1.064273054589321310e+00
-2.030018148450517401e+01,1.063959064518324338e+00
-2.028699572603964896e+01,1.063959787406116853e+00
-2.015881380819328683e+01,1.063966840518372203e+00
-1.991604994472996282e+01,1.063980326501096529e+00
-1.955923065664751448e+01,1.064000453394527757e+00
-1.908899397065435721e+01,1.064027533719818841e+00
-1.850608850934985128e+01,1.064061983605868233e+00
-1.781137247427912484e+01,1.064104322016590443e+00
-1.700581252313598668e+01,1.064155170094222225e+00
-1.609048254248909871e+01,1.064215250749068975e+00
-1.506656231750672248e+01,1.064285388525407328e+00
-1.393533610025285441e+01,1.064366509854870468e+00
-1.269819107822551985e+01,1.064459643796467070e+00
-1.135661574490013948e+01,1.064565923360351052e+00
-9.912198174135738782e+00,1.064686587526902262e+00
-8.366624200390674559e+00,1.064822984075030954e+00
-6.721675506783498122e+00,1.064976573343359378e+00
-4.979227623121005308e+00,1.065148933081791149e+00
-3.141247836097946333e+00,1.065341764459769580e+00
-1.209793013955803076e+00,1.065556899494061405e+00
8.129926520340831075e-01,1.065796309939408104e+00
2.924879986820698718e+00,1.066062117959469369e+00
5.123557249041809314e+00,1.066356608657715199e+00
7.406632624122948982e+00,1.066682244803002666e+00
9.771636790353127822e+00,1.067041683989117695e+00
1.221602555521432976e+01,1.067437798550080919e+00
1.473718255918410591e+01,1.067873698606657262e+00
1.733242204416595200e+01,1.068352758698978500e+00
1.999899168364838431e+01,1.068878648520419139e+00
2.273407547163941445e+01,1.069455368377484783e+00
2.553479666736957654e+01,1.070087290117545997e+00
2.839822079271446853e+01,1.070779204520211580e+00
3.132135867923759065e+01,1.071536376068219942e+00
3.430116956171637099e+01,1.072364606495276318e+00
3.733456421497503896e+01,1.073270308932687600e+00
4.041840813081304873e+01,1.074260594038793482e+00
4.354952473178643402e+01,1.075343371343642218e+00
4.672469861857064899e+01,1.076527467909702551e+00
4.994067884761003029e+01,1.077822768544167475e+00
5.319418223573290305e+01,1.079240382218721539e+00
5.648189668839997779e+01,1.080792839751039125e+00
5.980048454823261750e+01,1.082494330695400908e+00
6.314658596045669725e+01,1.084360988606912990e+00
6.651682225189405528e+01,1.086411236012575943e+00
6.990779932012250697e+01,1.088666204547971805e+00
7.331611102942754599e+01,1.091150250137948197e+00
7.673834261016953917e+01,1.093891589095838057e+00
8.017107405819506027e+01,1.096923089644819438e+00
8.361088353092975467e+01,1.100283264842131681e+00
8.705435073680168045e+01,1.104017529178866974e+00
9.049806031465865885e+01,1.108179804595521123e+00
9.393860519986324675e+01,1.112834594632563512e+00
9.737258997376574143e+01,1.118059694109534874e+00
1.007966341932874315e+02,1.123949773996552048e+00
1.042073756973682919e+02,1.130621191137317849e+00
1.076014738870646710e+02,1.138218543734559107e+00
1.109756129761219370e+02,1.146923760993230124e+00
1.143265052088772933e+02,1.156968960617641207e+00
1.176508940423927783e+02,1.168655054727780085e+00
1.209455572897598188e+02,1.182180434189236129e+00
1.242073102215630911e+02,1.194767426221077677e+00
1.274330086225402852e+02,1.205662227310294821e+00
1.306195518005263523e+02,1.215200487883623781e+00
1.337638855448245749e+02,1.223629990418630964e+00
1.368630050312061144e+02,1.231140229488728588e+00
1.399139576707942467e+02,1.237878555468944430e+00
1.429138459001609363e+02,1.243961252249032423e+00
1.458598299100166571e+02,1.249481292690067358e+00
1.487491303099530455e+02,1.254513868058447335e+00
1.515790307267587878e+02,1.259120443207397688e+00
1.543468803339065119e+02,1.263351721842671527e+00
1.570500963098792795e+02,1.267249898952201637e+00
1.596861662230838306e+02,1.270850354115621528e+00
1.622526503411743874e+02,1.274182964549143815e+00
1.647471838626916849e+02,1.277273121402742850e+00
1.671674790690040595e+02,1.280142534604904236e+00
1.695113273946209347e+02,1.282809862135069423e+00
1.717766014140347011e+02,1.285291219189854672e+00
1.739612567433351273e+02,1.287600589278727448e+00
1.760633338549267819e+02,1.289750151826557278e+00
1.780809598037724868e+02,1.291750557187207882e+00
1.800123498636767181e+02,1.293611144158960391e+00
1.818558090722146403e+02,1.295340134230114293e+00
1.836097336830065387e+02,1.296944772613608521e+00
1.852726125241336490e+02,1.298431465405625707e+00
1.868430282615854310e+02,1.299805884113375720e+00
1.883196585667260763e+02,1.301073051694342286e+00
1.897012771868657524e+02,1.302237428747928361e+00
1.909867549181189759e+02,1.303302967671005508e+00
1.921750604798327799e+02,1.304273173826615118e+00
1.932652612899649966e+02,1.305151152013437343e+00
1.942565241408942427e+02,1.305939643759398638e+00
1.951481157752402567e+02,1.306641062903474371e+00
1.959394033613770034e+02,1.307257523996370852e+00
1.966298548684172829e+02,1.307790868793429873e+00
1.972190393405499833e+02,1.308242684006474699e+00
1.977066270707098283e+02,1.308614320045005108e+00
1.980923896736594259e+02,1.308906904675398053e+00
1.983762000586629597e+02,1.309121359067049850e+00
1.985580323020294884e+02,1.309258399104260562e+00
1.986379614199016714e+02,1.309318550875994580e+00
1.986161630417649917e+02,1.309311517658679813e+00
1.984929129852474716e+02,1.309271718698797216e+00
1.982685867328781910e+02,1.309199139155716951e+00
1.979436588115662232e+02,1.309093685381790939e+00
1.975187020756580409e+02,1.308955186066190102e+00
1.969943868945224494e+02,1.308783393519657778e+00
1.963714802457065502e+02,1.308577985136565758e+00
1.956508447147940615e+02,1.308338565002534093e+00
1.948334374031906577e+02,1.308064665643560387e+00
1.939203087451450642e+02,1.307755749946265755e+00
1.929126012354033719e+02,1.307411213216145507e+00
1.918115480689796186e+02,1.307030385365031799e+00
1.906184716946060007e+02,1.306612533237190732e+00
1.893347822835109469e+02,1.306156863099236176e+00
1.879619761152503088e+02,1.305662523219986326e+00
1.865016338823962201e+02,1.305128606612667275e+00
1.849554189159635200e+02,1.304554153888685564e+00
1.833250753335258878e+02,1.303938156245629587e+00
1.816124261120496044e+02,1.303279558577711272e+00
1.798193710875362967e+02,1.302577262675600922e+00
1.779478848836377551e+02,1.301830130658041096e+00
1.760000147714700347e+02,1.301036988353337476e+00
1.739778784629142478e+02,1.300196629022010830e+00
1.718836618397542679e+02,1.299307817029248691e+00
1.697196166210578667e+02,1.298369291762235589e+00
1.674880579712623216e+02,1.297379771682063643e+00
1.651913620514795298e+02,1.296337958486062814e+00
1.628319635165844943e+02,1.295242541497751310e+00
1.604123529606983993e+02,1.294092202178407147e+00
1.579350743137221400e+02,1.292885618862771757e+00
1.554027221916185795e+02,1.291621471698886081e+00
1.528179392031779287e+02,1.290298447773621238e+00
1.501834132160439026e+02,1.288915246530341951e+00
1.475018745848009303e+02,1.287470585390083189e+00
1.447760933439633106e+02,1.285963205736723625e+00
1.420088763687294318e+02,1.284391879053837560e+00
1.392030645063898930e+02,1.282755413535180633e+00
1.363615296813007660e+02,1.281052661008618809e+00
1.334871719763518740e+02,1.279282524119567110e+00
1.305829166938752905e+02,1.277443964076234728e+00
1.276517113989534380e+02,1.275536008707009783e+00
1.246965229480949802e+02,1.273557760960965846e+00
1.217203345062542610e+02,1.271508407996584822e+00
1.187261425551749312e+02,1.269387286004042936e+00
1.157169538960361876e+02,1.267195527250428055e+00
1.126957826493861745e+02,1.264935734177158100e+00
1.096656472553300716e+02,1.262609859841081983e+00
1.066295674769447288e+02,1.260219413224630047e+00
1.035905614098738283e+02,1.257765663427288461e+00
1.005516425010466719e+02,1.255249764827775616e+00
9.751581657944662140e+01,1.252672839337706456e+00
9.448607890183639313e+01,1.250036034397094875e+00
9.146541121632500904e+01,1.247340566581005339e+00
8.845677884663652435e+01,1.244587754586058637e+00
8.546312779991301056e+01,1.241779048393945040e+00
8.248738190085376232e+01,1.238916053261923444e+00
7.953243995496019636e+01,1.236000551213386256e+00
7.660117294361853624e+01,1.233034521246965109e+00
7.369642125371721875e+01,1.230020157641211975e+00
7.082099194445190449e+01,1.226959886944000822e+00
6.797765605392842758e+01,1.223856384995771762e+00
6.516914594812860173e+01,1.220712591645419121e+00
6.239815271475814029e+01,1.217531725474119364e+00
5.966732360443609906e+01,1.214317296970265359e+00
5.697925952164733587e+01,1.211073120624854615e+00
5.433651256780598970e+01,1.207803326175692860e+00
5.174158363873975475e+01,1.204512365803250606e+00
4.919692007882585472e+01,1.201205024234787366e+00
4.670491339396712505e+01,1.197886421723812544e+00
4.426789702551396033e+01,1.194562016723760722e+00
4.188814418719123722e+01,1.191237607456539616e+00
3.956786576700337577e+01,1.187919328013783637e+00
3.730920829603773825e+01,1.184613643387107063e+00
3.511425198600536390e+01,1.181327338483437073e+00
3.298500883728632971e+01,1.178067504697454693e+00
3.092342081917969665e+01,1.174841525852341695e+00
2.893135812397504480e+01,1.171657051657578608e+00
2.701061749638611786e+01,1.168521977210767337e+00
2.516292063981632054e+01,1.165444408877107652e+00
2.338991270083347729e+01,1.162432631311711040e+00
2.169316083316482491e+01,1.159495068311457544e+00
2.007415284242686937e+01,1.156640239607466203e+00
1.853429591273545896e+01,1.153876712878737276e+00
1.707491541624511910e+01,1.151213052739961773e+00
1.569725380659355096e+01,1.148657766132899383e+00
1.440246959713077501e+01,1.146219244732123332e+00
1.319163642473642994e+01,1.143905705380525717e+00
1.206574219993403574e+01,1.141725127513505633e+00
1.102568834392951658e+01,1.139685191433780664e+00
1.007228911310903641e+01,1.137793216217187986e+00
9.206271011448734498e+00,1.136056096648868863e+00
8.428272291194687682e+00,1.134480244593288889e+00
7.738842542089400922e+00,1.133071530351141387e+00
7.138442369327151482e+00,1.131835229612112359e+00
6.627443160337435302e+00,1.130775974758738034e+00
6.206126940402754144e+00,1.129897708304982373e+00
5.874686317033948058e+00,1.129203648670253690e+00
5.633224512934262407e+00,1.128696256119831043e+00
5.481755487299381002e+00,1.128377210271915398e+00
5.420204145112052174e+00,1.128247394454857666e+00
5.448406634004669513e+00,1.128249487065490442e+00
5.566110728176909106e+00,1.128258245845846552e+00
5.772976298771510528e+00,1.128273738126170711e+00
6.068575870026606367e+00,1.128296094717499809e+00
6.452395260439857338e+00,1.128325509673443694e+00
6.923834308098378187e+00,1.128362240213823364e+00
7.482207679245490795e+00,1.128406606776273691e+00
8.126745759077962816e+00,1.128458993277355882e+00
8.856595623685166174e+00,1.128519847558351552e+00
9.670822091968020118e+00,1.128589682059090382e+00
1.056840885629513593e+01,1.128669074727587152e+00
1.154825969058305191e+01,1.128758670257000274e+00
1.260919973441026798e+01,1.128859181607170692e+00
1.374997685170573902e+01,1.128971391909569189e+00
1.496926306248111871e+01,1.129096156786419280e+00
1.626565604600884285e+01,1.129234407129361850e+00
1.763768071377835156e+01,1.129387152399008221e+00
1.908379085050339086e+01,1.129555484501449714e+00
2.060237082138320375e+01,1.129740582307403818e+00
2.219173734376732909e+01,1.129943716914194818e+00
2.385014132130633868e+01,1.130166257711103572e+00
2.557576973862229863e+01,1.130409679291944247e+00
2.736674761446901982e+01,1.130675569481659037e+00
2.922114001130883310e+01,1.130965638379134885e+00
3.113695409917127677e+01,1.131281728762222327e+00
3.311214127162393339e+01,1.131625827806320261e+00
3.514459931162217288e+01,1.132000080567390876e+00
3.723217460498209164e+01,1.132406805089561042e+00
3.937266439915762106e+01,1.132848509685495442e+00
4.156381910498279098e+01,1.133327912575568641e+00
4.380334463898736885e+01,1.133847964110978435e+00
4.608890480387496069e+01,1.134411872087989659e+00
4.841812370470585591e+01,1.135023130581294115e+00
5.078858819831306448e+01,1.135685552818112454e+00
5.319785037343758916e+01,1.136403308733946016e+00
5.564343005906122386e+01,1.137180967966488376e+00
5.812281735837641605e+01,1.138023549188334593e+00
6.063347520583155159e+01,1.138936576860813288e+00
6.317284194465531044e+01,1.139926146702650245e+00
6.573833392226993055e+01,1.140999001436481919e+00
6.832734810096818023e+01,1.142162618705860666e+00
7.093726468124789619e+01,1.143425313470320059e+00
7.356544973516454888e+01,1.144796357823308686e+00
7.620925784708248329e+01,1.146286121595268659e+00
7.886603475918458628e+01,1.147906237935552687e+00
8.153312001912132700e+01,1.149669799352716293e+00
8.420784962716489019e+01,1.151591590915640451e+00
8.688755868026099449e+01,1.153688369648817602e+00
8.956958401036092710e+01,1.155979199821157710e+00
9.225126681444803012e+01,1.158485857918525097e+00
9.492995527366802833e+01,1.161233325514259063e+00
9.760300715900928026e+01,1.164250393946577811e+00
1.002677924209807401e+02,1.167570409947989774e+00
1.029216957607716978e+02,1.171232200679534818e+00
1.055621191803920453e+02,1.175281234283459320e+00
1.081864845093285652e+02,1.179771088755497077e+00
1.107922359052686261e+02,1.184765331945490940e+00
1.133768423264917118e+02,1.190339948837067174e+00
1.159377999735444575e+02,1.196586519711796859e+00
1.184726346978701486e+02,1.203616444384446149e+00
1.209789043750833741e+02,1.211408789818171128e+00
1.234542012406398044e+02,1.218649912996638385e+00
1.258961541856753854e+02,1.225111753008226501e+00
1.283024310108530415e+02,1.230919001338647067e+00
1.306707406360826553e+02,1.236168254383094744e+00
1.329988352640481821e+02,1.240937212269058287e+00
1.352845124955094320e+02,1.245289064185066019e+00
1.375256173944117108e+02,1.249275705666356373e+00
1.397200445008826080e+02,1.252940137437464241e+00
1.418657397902593118e+02,1.256318275687861474e+00
1.439607025763369279e+02,1.259440344110379861e+00
1.460029873571025973e+02,1.262331943707573734e+00
1.479907056012649491e+02,1.265014890601534159e+00
1.499220274739678018e+02,1.267507882739302705e+00
1.517951835001256882e+02,1.269827024550917560e+00
1.536084661638983562e+02,1.271986259174271883e+00
1.553602314428755449e+02,1.273997696936269186e+00
1.570489002756233390e+02,1.275871910240057527e+00
1.586729599613027517e+02,1.277618155087949514e+00
1.602309654901469003e+02,1.279244561044285744e+00
1.617215408036560973e+02,1.280758289315252707e+00
1.631433799834352101e+02,1.282165660583332478e+00
1.644952483676807731e+02,1.283472275751012415e+00
1.657759835943891744e+02,1.284683089825247482e+00
1.669844965704426727e+02,1.285802509635536328e+00
1.681197723657937217e+02,1.286834440898932286e+00
1.691808710320570697e+02,1.287782361289070421e+00
1.701669283448820806e+02,1.288649358682988577e+00
1.710771564695663187e+02,1.289438174078369359e+00
1.719108445494427428e+02,1.290151236540850288e+00
1.726673592166488902e+02,1.290790693404181289e+00
1.733461450249713209e+02,1.291358434480198047e+00
1.739467248045272072e+02,1.291856118949537890e+00
1.744686999381315786e+02,1.292285186990128842e+00
1.749117505592694783e+02,1.292646878213797201e+00
1.752756356716757296e+02,1.292942247083200158e+00
1.755601931905974880e+02,1.293172173217615351e+00
1.757653399058968375e+02,1.293337365130906580e+00
1.758910713672233044e+02,1.293438374322491313e+00
1.759374616915663410e+02,1.293475598287691319e+00
1.759046632935704793e+02,1.293462876449617438e+00
1.757929065390744654e+02,1.293419494888017329e+00
1.756024993224080788e+02,1.293345463985960953e+00
1.753338265680557129e+02,1.293240747903624310e+00
1.749873496573683269e+02,1.293105265396315540e+00
1.745636057810787065e+02,1.292938890764085968e+00
1.740632072184453136e+02,1.292741454907764709e+00
1.734868405439222556e+02,1.292512746557607617e+00
1.728352657623194091e+02,1.292252513581916507e+00
1.721093153734894372e+02,1.291960464450914170e+00
1.713098933676401430e+02,1.291636269812090676e+00
1.704379741524422514e+02,1.291279564202133967e+00
1.694946014131621155e+02,1.290889947839800378e+00
1.684808869071150070e+02,1.290466988593510722e+00
1.673980091937972361e+02,1.290010224022396512e+00
1.662472123021103414e+02,1.289519163567000248e+00
1.650298043361576106e+02,1.288993290835902972e+00
1.637471560211406540e+02,1.288432066019092881e+00
1.624006991909488420e+02,1.287834928412348034e+00
1.609919252190794907e+02,1.287201299058605919e+00
1.595223833945854039e+02,1.286530583506606318e+00
1.579936792447912524e+02,1.285822174722320410e+00
1.564074728065736792e+02,1.285075456031661512e+00
1.547654768480402936e+02,1.284289804267678470e+00
1.530694550424948090e+02,1.283464593021900191e+00
1.513212200966089256e+02,1.282599195988944007e+00
1.495226318347725964e+02,1.281692990476014593e+00
1.476755952416211812e+02,1.280745361003950977e+00
1.457820584647853934e+02,1.279755703104995535e+00
1.438440107799370651e+02,1.278723427155987302e+00
1.418634805202356119e+02,1.277647962480550348e+00
1.398425329723178834e+02,1.276528761463813888e+00
1.377832682409896279e+02,1.275365303940595219e+00
1.356878190848154873e+02,1.274157101646248069e+00
1.335583487248151187e+02,1.272903702818393157e+00
1.313970486285062975e+02,1.271604697062422851e+00
1.292061362715422774e+02,1.270259720247973512e+00
1.269878528792205117e+02,1.268868459646627533e+00
1.247444611501395144e+02,1.267430659225851297e+00
1.224782429643084214e+02,1.265946125078167617e+00
1.201914970780058525e+02,1.264414725574120046e+00
1.178865368077114510e+02,1.262836676674750080e+00
1.155656877054211691e+02,1.261213393037161623e+00
1.132312852276679678e+02,1.259546434488626021e+00
1.108856724005750607e+02,1.257837142915787076e+00
1.085311974832529955e+02,1.256086739942638086e+00
1.061702116318646603e+02,1.254296387815706959e+00
1.038050665666587236e+02,1.252467231683946691e+00
1.014381122442803189e+02,1.250600430301885169e+00
9.907169453763965805e+01,1.248697179251110123e+00
9.670815292562346599e+01,1.246758729080706285e+00
9.434981819490123200e+01,1.244786400324766618e+00
9.199901015607795784e+01,1.242781595878910794e+00
8.965803537640844922e+01,1.240745811849945701e+00
8.732918493128113369e+01,1.238680646797091889e+00
8.501473217664613458e+01,1.236587810085002070e+00
8.271693054453584182e+01,1.234469129453182878e+00
8.043801136380783134e+01,1.232326557510364573e+00
7.818018170819432555e+01,1.230162177657237343e+00
7.594562227372716734e+01,1.227978209403916887e+00
7.373648528755613540e+01,1.225777012808576538e+00
7.155489245015887434e+01,1.223561092140069473e+00
6.940293291288654132e+01,1.221333098836637543e+00
6.728266129276522634e+01,1.219095833425946740e+00
6.519609572641611805e+01,1.216852247320576286e+00
6.314521596492907207e+01,1.214605441987642420e+00
6.113196151146505741e+01,1.212358668996548428e+00
5.915822980332701064e+01,1.210115327512746752e+00
5.722587444018756031e+01,1.207878961200977042e+00
5.533670346010389807e+01,1.205653253716832740e+00
5.349247766491487965e+01,1.203442022870694128e+00
5.169490899654506677e+01,1.201249213475074296e+00
4.994565896570176022e+01,1.199078888533856802e+00
4.824633713438182525e+01,1.196935218939147338e+00
4.659849965356114865e+01,1.194822472000818259e+00
4.500364785736917383e+01,1.192744998010730306e+00
4.346322691500408553e+01,1.190707215597126556e+00
4.197862454157187528e+01,1.188713595385890054e+00
4.055116976898203518e+01,1.186768642213025915e+00
3.918213177796359048e+01,1.184876876253434075e+00
3.787271879220237736e+01,1.183042812533202426e+00
3.662407703554261218e+01,1.181270939471312120e+00
3.543728975312119189e+01,1.179565696316112966e+00
3.431337629724863802e+01,1.177931450094642063e+00
3.325329127877411395e+01,1.176372471510540363e+00
3.225792378461477483e+01,1.174892910066300145e+00
3.132809666205392318e+01,1.173496769582608179e+00
3.046456587035308416e+01,1.172187885428784826e+00
2.966801990014721468e+01,1.170969896804882948e+00
2.893907926103167938e+01,1.169846227059653687e+00
2.827829603767401068e+01,1.168820057243986632e+00
2.768615351472131181e+01,1.167894308162589434e+00
2.716306587069961154e+01,1.167071616124474742e+00
2.670937794103824103e+01,1.166354318240759191e+00
2.632536505027813689e+01,1.165744434047486289e+00
2.601123291345969335e+01,1.165243650137633091e+00
2.576711760661304140e+01,1.164853309404025428e+00
2.559308560620763728e+01,1.164574401447649121e+00
2.548913389735045598e+01,1.164407554819005597e+00
2.545519015045297806e+01,1.164353033007865967e+00
2.549111296602183074e+01,1.164356483814978471e+00
2.559669218716027217e+01,1.164366650802038050e+00
2.577164927930218141e+01,1.164383580557311726e+00
2.601563777663518806e+01,1.164407361264770735e+00
2.632824379460424780e+01,1.164438122610411019e+00
2.670898660782381739e+01,1.164476035797519682e+00
2.715731929266361533e+01,1.164521313713795747e+00
2.767262943371000006e+01,1.164574211180463781e+00
2.825423989324575302e+01,1.164635025323465634e+00
2.890140964282790037e+01,1.164704096173181602e+00
2.961333465598778503e+01,1.164781807267038616e+00
3.038914886101538571e+01,1.164868586580268817e+00
3.122792515273759761e+01,1.164964907499240310e+00
3.212867646213965855e+01,1.165071290044041419e+00
3.309035688262968478e+01,1.165188302335377513e+00
3.411186285168814436e+01,1.165316562228085218e+00
3.519203438659754823e+01,1.165456739226605754e+00
3.632965637289190397e+01,1.165609556681959758e+00
3.752345990412290888e+01,1.165775794287913225e+00
3.877212367148648298e+01,1.165956290906522419e+00
4.007427540181159031e+01,1.166151947762478214e+00
4.142849334236987602e+01,1.166363732035664347e+00
4.283330779091523510e+01,1.166592680894336542e+00
4.428720266933371619e+01,1.166839906007630212e+00
4.578861713923154753e+01,1.167106598580199162e+00
4.733594725776370638e+01,1.167394035020696608e+00
4.892754767195975774e+01,1.167703583241841869e+00
5.056173334977948741e+01,1.168036709580305033e+00
5.223678134609035340e+01,1.168394986637375954e+00
5.395093260173371164e+01,1.168780102046673708e+00
5.570239377382012691e+01,1.169193867884389171e+00
5.748933909535978160e+01,1.169638231745329104e+00
5.930991226232168856e+01,1.170115288326004199e+00
6.116222834617990856e+01,1.170627293139975489e+00
6.304437572999763262e+01,1.171176676902341285e+00
6.495441806606879709e+01,1.171766062599481462e+00
6.689039625313336046e+01,1.172398283395397867e+00
6.885033043115485896e+01,1.173076403735155981e+00
7.083222199164984545e+01,1.173803742248757276e+00
7.283405560153504155e+01,1.174583897338236094e+00
7.485380123846329070e+01,1.175420776761499697e+00
7.688941623559922789e+01,1.176318629803749127e+00
7.893884733379566399e+01,1.177282083753236508e+00
8.100003273911485735e+01,1.178316185812591899e+00
8.307090418365325490e+01,1.179426449567984481e+00
8.514938898761694475e+01,1.180618907436572718e+00
8.723341212060735472e+01,1.181900170784286441e+00
8.932089826008349576e+01,1.183277498647987702e+00
9.140977384496261493e+01,1.184758874711191456e+00
9.349796912235177615e+01,1.186353095547213687e+00
9.558342018539191542e+01,1.188069872619710754e+00
9.766407100022985333e+01,1.189919949651948361e+00
9.973787542013251084e+01,1.191915235702593279e+00
1.018027991847903877e+02,1.194068959373222993e+00
1.038568219028639277e+02,1.196395850652646420e+00
1.058979390158557692e+02,1.198912350723265297e+00
1.079241637414153274e+02,1.201636852877646433e+00
1.099335289941989515e+02,1.204589989735707967e+00
1.119240892824488469e+02,1.207794978387630058e+00
1.138939225784682066e+02,1.211278011448399639e+00
1.158411321612145741e+02,1.215068735128278066e+00
1.177638484292514107e+02,1.219200840521109885e+00
1.196602306823457269e+02,1.223725647464250832e+00
1.215284688700207596e+02,1.228347877507486530e+00
1.233667853054235763e+02,1.232580557011157874e+00
1.251734363428921597e+02,1.236449204041394800e+00
1.269467140176599855e+02,1.239997819469005558e+00
1.286849476461641757e+02,1.243263138104733434e+00
1.303865053854788698e+02,1.246276048683573778e+00
1.320497957504287854e+02,1.249062698459650900e+00
1.336732690869893077e+02,1.251645370368054122e+00
1.352554190006276542e+02,1.254043141073987622e+00
1.367947837382795910e+02,1.256272443578799081e+00
1.382899475227161474e+02,1.258347495177916331e+00
1.397395418380947945e+02,1.260280646767711454e+00
1.411422466655484982e+02,1.262082673931145482e+00
1.424967916677132678e+02,1.263763011007758230e+00
1.438019573211524289e+02,1.265329945755664820e+00
1.450565759956850229e+02,1.266790779709017212e+00
1.462595329796845931e+02,1.268151962770223129e+00
1.474097674504706390e+02,1.269419205817717611e+00
1.485062733889667186e+02,1.270597574693270948e+00
1.495481004378637522e+02,1.271691572918838942e+00
1.505343547025764792e+02,1.272705206155876567e+00
1.514641994943486338e+02,1.273642042707352262e+00
1.523368560149112625e+02,1.274505262941818540e+00
1.531516039821676429e+02,1.275297699819802899e+00
1.539077821964295651e+02,1.276021875917694004e+00
1.546047890467964407e+02,1.276680035580387784e+00
1.552420829573233050e+02,1.277274170989586510e+00
1.558191827726891461e+02,1.277806044209826242e+00
1.563356680831335268e+02,1.278277208934663012e+00
1.567911794884932135e+02,1.278689026305375398e+00
1.571854188012285078e+02,1.279042678671080457e+00
1.575181491883923854e+02,1.279339183689456094e+00
1.577891952525534975e+02,1.279579402919883702e+00
1.579984430517457099e+02,1.279764051814097359e+00
1.581458400585777611e+02,1.279893705138558824e+00
1.582313950586942894e+02,1.279968804122638915e+00
1.582551779888409840e+02,1.279989660073575397e+00
1.582173197148450186e+02,1.279973006159597526e+00
1.581180117498801110e+02,1.279929289477998333e+00
1.579575059134446633e+02,1.279858537851032318e+00
1.577361139315381706e+02,1.279760754852069082e+00
1.574542069785782132e+02,1.279635920370375990e+00
1.571122151616576161e+02,1.279483991278515642e+00
1.567106269477945375e+02,1.279304902208042050e+00
1.562499885348865405e+02,1.279098566391958736e+00
1.557309031671292985e+02,1.278864876640768644e+00
1.551540303957181663e+02,1.278603706409662699e+00
1.545200852856987126e+02,1.278314910912796032e+00
1.538298375698871325e+02,1.277998328423292307e+00
1.530841107508279606e+02,1.277653781565963209e+00
1.522837811518093076e+02,1.277281078777480872e+00
1.514297769179993338e+02,1.276880015822375425e+00
1.505230769688193107e+02,1.276450377390774937e+00
1.495647099027086711e+02,1.275991938806114723e+00
1.485557528554871851e+02,1.275504467820683940e+00
1.474973303135569722e+02,1.274987726491784157e+00
1.463906128832329046e+02,1.274441473117055024e+00
1.452368160175285539e+02,1.273865464289041460e+00
1.440371987017610991e+02,1.273259457030183839e+00
1.427930620993819275e+02,1.272623210989915599e+00
1.415057481594681121e+02,1.271956490752394808e+00
1.401766381873517275e+02,1.271259068172530649e+00
1.388071513798889498e+02,1.270530724866719030e+00
1.373987433269109033e+02,1.269771254711721031e+00
1.359529044804183116e+02,1.268980466451314459e+00
1.344711585931181048e+02,1.268158186368287810e+00
1.329550611279237273e+02,1.267304261082019989e+00
1.314061976400601850e+02,1.266418560315899500e+00
1.298261821334493789e+02,1.265500979805440629e+00
1.282166553930597956e+02,1.264551444263244617e+00
1.265792832949352231e+02,1.263569910424883647e+00
1.249157550956254283e+02,1.262556370079893853e+00
1.232277817027670181e+02,1.261510853251943232e+00
1.215170939285670926e+02,1.260433431377267377e+00
1.197854407279659057e+02,1.259324215503189848e+00
1.180345874232534271e+02,1.258183587928317415e+00
1.162663139169359283e+02,1.257012454078449526e+00
1.144824128946439004e+02,1.255811769141210288e+00
1.126846880198895917e+02,1.254582439345137912e+00
1.108749521224744825e+02,1.253325351076058691e+00
1.090550253823604692e+02,1.252041388571190517e+00
1.072267335108066533e+02,1.250731447554644493e+00
1.053919059305827091e+02,1.249396445887528406e+00
1.035523739570591744e+02,1.248037332320368176e+00
1.017099689819697375e+02,1.246655093490825816e+00
9.986652066164049302e+01,1.245250760111675126e+00
9.802385511146090380e+01,1.243825412061889679e+00
9.618379310837327978e+01,1.242380182906336117e+00
9.434814830313239042e+01,1.240916263730632352e+00
9.251872544408566057e+01,1.239434906726661456e+00
9.069731861419569441e+01,1.237937428054595168e+00
8.888570948302252361e+01,1.236425210482074988e+00
8.708566557534999220e+01,1.234899705645256418e+00
8.529893855813519110e+01,1.233362435751320874e+00
8.352726254742380263e+01,1.231814995178620364e+00
8.177235243685714750e+01,1.230259051435107720e+00
8.003590224937414632e+01,1.228696345864250361e+00
7.831958351367475757e+01,1.227128693747864485e+00
7.662504366699542402e+01,1.225557984349991969e+00
7.495390448570418584e+01,1.223986179936440211e+00
7.330776054520471519e+01,1.222415314765255889e+00
7.168817771059346455e+01,1.220847493460547772e+00
7.009669165949176772e+01,1.219284888610394413e+00
6.853480643842803488e+01,1.217729738122093064e+00
6.700399305411995954e+01,1.216184341917426082e+00
6.550568810095708727e+01,1.214651057939618806e+00
6.404129242595681148e+01,1.213132297528993320e+00
6.261216983241521916e+01,1.211630520527338328e+00
6.121964582344269701e+01,1.210148229317018709e+00
5.986500638652581330e+01,1.208687962687472250e+00
5.854949682021359081e+01,1.207252288485715308e+00
5.727432060398751901e+01,1.205843796588864203e+00
5.604063831232038950e+01,1.204465090580902453e+00
5.484956657389268031e+01,1.203118778976819625e+00
5.370217707687823605e+01,1.201807466192292839e+00
5.259949562117290611e+01,1.200533743076563020e+00
5.154250121838153831e+01,1.199300176846972876e+00
5.053212524033896358e+01,1.198109300770767049e+00
4.956925061688154699e+01,1.196963603508567120e+00
4.865471108354272900e+01,1.195865518214124679e+00
4.778929047979192291e+01,1.194817411691604825e+00
4.697372209838162149e+01,1.193821573700545757e+00
4.620868808632272362e+01,1.192880205442534258e+00
4.549481889794791556e+01,1.191995409000996764e+00
4.483269280047705507e+01,1.191169177131392143e+00
4.422283543243946013e+01,1.190403382274782595e+00
4.366571941526068912e+01,1.189699767550725040e+00
4.316176401826241005e+01,1.189059936772248527e+00
4.271133487727576750e+01,1.188485346339734461e+00
4.231474376701023488e+01,1.187977296815707851e+00
4.197224842727099769e+01,1.187536925973773139e+00
4.168405244306006807e+01,1.187165202468208669e+00
4.145030517854687702e+01,1.186862920376834163e+00
4.127110176483787995e+01,1.186630694650512741e+00
4.114648314142301899e+01,1.186468958046178912e+00
4.107643615112441893e+01,1.186377958593729298e+00
4.106089368831879938e+01,1.186357758398024709e+00
4.109973490015477893e+01,1.186362384284748606e+00
4.119278544043268653e+01,1.186373490310570267e+00
4.133981777576484262e+01,1.186391108368384240e+00
4.154055154358235313e+01,1.186415298213404190e+00
4.179465396150477829e+01,1.186446147389082828e+00
4.210174028753969111e+01,1.186483771213840299e+00
4.246137433052915355e+01,1.186528312853234679e+00
4.287306901021354832e+01,1.186579943483776267e+00
4.333628696623360810e+01,1.186638862441635967e+00
4.385044121534737371e+01,1.186705297518984237e+00
4.441489585608979240e+01,1.186779505385214373e+00
4.502896682006052487e+01,1.186861771896506657e+00
4.569192266898027555e+01,1.186952412784901156e+00
4.640298543661162256e+01,1.187051774099916690e+00
4.716133151460132922e+01,1.187160233081367311e+00
4.796609258125576503e+01,1.187278198867279144e+00
4.881635657222590652e+01,1.187406113427227794e+00
4.971116869203451216e+01,1.187544452681590368e+00
5.064953246534522435e+01,1.187693727586357939e+00
5.163041082683190552e+01,1.187854485438150087e+00
5.265272724847611840e+01,1.188027311331754765e+00
5.371536690308213480e+01,1.188212829759674349e+00
5.481717786276860949e+01,1.188411706343333263e+00
5.595697233116523961e+01,1.188624649752361373e+00
5.713352790800859538e+01,1.188852413811775310e+00
5.834558888480867012e+01,1.189095799802909692e+00
5.959186757022298053e+01,1.189355658972188312e+00
6.087104564375712812e+01,1.189632895261909296e+00
6.218177553637755040e+01,1.189928468277550166e+00
6.352268183660803658e+01,1.190243396505311857e+00
6.489236272065082289e+01,1.190578760795733881e+00
6.628939140506233230e+01,1.190935708153301409e+00
6.771231762048522285e+01,1.191315455840860960e+00
6.915966910493155240e+01,1.191719295768379538e+00
7.062995311508575469e+01,1.192148599219659655e+00
7.212165795409234192e+01,1.192604821923355818e+00
7.363325451427292023e+01,1.193089509637441648e+00
7.516319783320798820e+01,1.193604304166195229e+00
7.670992866161638801e+01,1.194150949499138470e+00
7.827187504144464469e+01,1.194731298502723638e+00
7.984745389258654313e+01,1.195347320599076557e+00
8.143507260663581349e+01,1.196001109373050708e+00
8.303313064608332184e+01,1.196694890404621514e+00
8.464002114735797022e+01,1.197431030710032651e+00
8.625413252612121084e+01,1.198212048087616832e+00
8.787385008321717805e+01,1.199040620137914681e+00
8.949755760969026142e+01,1.199919595879612499e+00
9.112363898928620642e+01,1.200852006465676469e+00
9.275047979685363941e+01,1.201841075562693817e+00
9.437646889108073367e+01,1.202890233455006008e+00
9.599999999999975842e+01,1.204003128230964892e+00
