H_upper,B_upper,H_lower,B_lower,H_init,B_init
-600,-1.47767705916,-600,-1.51654345592,-600,-1.49711025754
-598.8,-1.47739087057,-598.8,-1.51640877369,-598.8,-1.49689982213
-597.6,-1.47710336198,-597.6,-1.51627366958,-597.6,-1.49668851578
-596.4,-1.47681452418,-596.4,-1.51613814158,-596.4,-1.49647633288
-595.2,-1.47652434789,-595.2,-1.51600218767,-595.2,-1.49626326778
-594,-1.47623282374,-594,-1.51586580581,-594,-1.49604931477
-592.8,-1.47593994225,-592.8,-1.51572899396,-592.8,-1.49583446811
-591.6,-1.47564569388,-591.6,-1.51559175006,-591.6,-1.49561872197
-590.4,-1.47535006899,-590.4,-1.51545407204,-590.4,-1.49540207052
-589.2,-1.47505305785,-589.2,-1.51531595781,-589.2,-1.49518450783
-588,-1.47475465062,-588,-1.51517740527,-588,-1.49496602794
-586.8,-1.47445483741,-586.8,-1.5150384123,-586.8,-1.49474662485
-585.6,-1.47415360818,-585.6,-1.51489897679,-585.6,-1.49452629249
-584.4,-1.47385095285,-584.4,-1.51475909659,-584.4,-1.49430502472
-583.2,-1.4735468612,-583.2,-1.51461876955,-583.2,-1.49408281537
-582,-1.47324132293,-582,-1.5144779935,-582,-1.49385965821
-580.8,-1.47293432765,-580.8,-1.51433676625,-580.8,-1.49363554695
-579.6,-1.47262586486,-579.6,-1.51419508562,-579.6,-1.49341047524
-578.4,-1.47231592395,-578.4,-1.51405294939,-578.4,-1.49318443667
-577.2,-1.47200449423,-577.2,-1.51391035533,-577.2,-1.49295742478
-576,-1.47169156488,-576,-1.51376730121,-576,-1.49272943305
-574.8,-1.47137712501,-574.8,-1.51362378477,-574.8,-1.49250045489
-573.6,-1.47106116358,-573.6,-1.51347980375,-573.6,-1.49227048366
-572.4,-1.47074366948,-572.4,-1.51333535585,-572.4,-1.49203951267
-571.2,-1.47042463148,-571.2,-1.51319043879,-571.2,-1.49180753514
-570,-1.47010403823,-570,-1.51304505025,-570,-1.49157454424
-568.8,-1.46978187827,-568.8,-1.51289918789,-568.8,-1.49134053308
-567.6,-1.46945814004,-567.6,-1.51275284938,-567.6,-1.49110549471
-566.4,-1.46913281186,-566.4,-1.51260603236,-566.4,-1.49086942211
-565.2,-1.46880588193,-565.2,-1.51245873444,-565.2,-1.49063230819
-564,-1.46847733834,-564,-1.51231095325,-564,-1.4903941458
-562.8,-1.46814716906,-562.8,-1.51216268636,-562.8,-1.49015492771
-561.6,-1.46781536193,-561.6,-1.51201393136,-561.6,-1.48991464665
-560.4,-1.46748190467,-560.4,-1.51186468582,-560.4,-1.48967329524
-559.2,-1.4671467849,-559.2,-1.51171494726,-559.2,-1.48943086608
-558,-1.46680999009,-558,-1.51156471323,-558,-1.48918735166
-556.8,-1.4664715076,-556.8,-1.51141398123,-556.8,-1.48894274441
-555.6,-1.46613132464,-555.6,-1.51126274876,-555.6,-1.4886970367
-554.4,-1.46578942832,-554.4,-1.51111101329,-554.4,-1.48845022081
-553.2,-1.4654458056,-553.2,-1.5109587723,-553.2,-1.48820228895
-552,-1.46510044332,-552,-1.51080602321,-552,-1.48795323326
-550.8,-1.46475332817,-550.8,-1.51065276346,-550.8,-1.48770304581
-549.6,-1.46440444671,-549.6,-1.51049899046,-549.6,-1.48745171858
-548.4,-1.46405378537,-548.4,-1.51034470159,-548.4,-1.48719924348
-547.2,-1.46370133043,-547.2,-1.51018989424,-547.2,-1.48694561234
-546,-1.46334706804,-546,-1.51003456576,-546,-1.4866908169
-544.8,-1.4629909842,-544.8,-1.50987871349,-544.8,-1.48643484884
-543.6,-1.46263306477,-543.6,-1.50972233474,-543.6,-1.48617769975
-542.4,-1.46227329544,-542.4,-1.50956542682,-542.4,-1.48591936113
-541.2,-1.4619116618,-541.2,-1.50940798701,-541.2,-1.48565982441
-540,-1.46154814923,-540,-1.50925001258,-540,-1.48539908091
-538.8,-1.46118274301,-538.8,-1.50909150078,-538.8,-1.48513712189
-537.6,-1.46081542822,-537.6,-1.50893244882,-537.6,-1.48487393852
-536.4,-1.46044618983,-536.4,-1.50877285392,-536.4,-1.48460952187
-535.2,-1.46007501261,-535.2,-1.50861271326,-535.2,-1.48434386294
-534,-1.4597018812,-534,-1.50845202402,-534,-1.48407695261
-532.8,-1.45932678004,-532.8,-1.50829078334,-532.8,-1.48380878169
-531.6,-1.45894969345,-531.6,-1.50812898835,-531.6,-1.4835393409
-530.4,-1.45857060555,-530.4,-1.50796663617,-530.4,-1.48326862086
-529.2,-1.45818950031,-529.2,-1.50780372388,-529.2,-1.4829966121
-528,-1.45780636151,-528,-1.50764024855,-528,-1.48272330503
-526.8,-1.45742117277,-526.8,-1.50747620724,-526.8,-1.48244869
-525.6,-1.45703391752,-525.6,-1.50731159696,-525.6,-1.48217275724
-524.4,-1.45664457903,-524.4,-1.50714641472,-524.4,-1.48189549688
-523.2,-1.45625314038,-523.2,-1.50698065752,-523.2,-1.48161689895
-522,-1.45585958446,-522,-1.50681432232,-522,-1.48133695339
-520.8,-1.45546389397,-520.8,-1.50664740605,-520.8,-1.48105565001
-519.6,-1.45506605144,-519.6,-1.50647990565,-519.6,-1.48077297854
-518.4,-1.45466603919,-518.4,-1.50631181801,-518.4,-1.4804889286
-517.2,-1.45426383937,-517.2,-1.50614314001,-517.2,-1.48020348969
-516,-1.4538594339,-516,-1.50597386851,-516,-1.4799166512
-514.8,-1.45345280452,-514.8,-1.50580400034,-514.8,-1.47962840243
-513.6,-1.45304393278,-513.6,-1.50563353231,-513.6,-1.47933873255
-512.4,-1.4526328,-512.4,-1.50546246121,-512.4,-1.4790476306
-511.2,-1.4522193873,-511.2,-1.50529078381,-511.2,-1.47875508555
-510,-1.4518036756,-510,-1.50511849684,-510,-1.47846108622
-508.8,-1.45138564559,-508.8,-1.50494559703,-508.8,-1.47816562131
-507.6,-1.45096527777,-507.6,-1.50477208108,-507.6,-1.47786867942
-506.4,-1.45054255238,-506.4,-1.50459794564,-506.4,-1.47757024901
-505.2,-1.45011744947,-505.2,-1.50442318738,-505.2,-1.47727031842
-504,-1.44968994885,-504,-1.50424780291,-504,-1.47696887588
-502.8,-1.44926003011,-502.8,-1.50407178883,-502.8,-1.47666590947
-501.6,-1.4488276726,-501.6,-1.50389514173,-501.6,-1.47636140716
-500.4,-1.44839285544,-500.4,-1.50371785813,-500.4,-1.47605535679
-499.2,-1.4479555575,-499.2,-1.50353993458,-499.2,-1.47574774604
-498,-1.44751575741,-498,-1.50336136757,-498,-1.47543856249
-496.8,-1.44707343357,-496.8,-1.50318215356,-496.8,-1.47512779357
-495.6,-1.44662856411,-495.6,-1.50300228902,-495.6,-1.47481542657
-494.4,-1.44618112692,-494.4,-1.50282177036,-494.4,-1.47450144864
-493.2,-1.44573109963,-493.2,-1.50264059397,-493.2,-1.4741858468
-492,-1.44527845961,-492,-1.50245875623,-492,-1.47386860792
-490.8,-1.44482318395,-490.8,-1.50227625347,-490.8,-1.47354971871
-489.6,-1.44436524951,-489.6,-1.50209308202,-489.6,-1.47322916576
-488.4,-1.44390463282,-488.4,-1.50190923815,-488.4,-1.47290693549
-487.2,-1.4434413102,-487.2,-1.50172471813,-487.2,-1.47258301416
-486,-1.44297525763,-486,-1.50153951818,-486,-1.47225738791
-484.8,-1.44250645085,-484.8,-1.50135363452,-484.8,-1.47193004268
-483.6,-1.44203486528,-483.6,-1.50116706332,-483.6,-1.4716009643
-482.4,-1.44156047607,-482.4,-1.50097980072,-482.4,-1.4712701384
-481.2,-1.44108325806,-481.2,-1.50079184285,-481.2,-1.47093755046
-480,-1.44060318579,-480,-1.50060318579,-480,-1.47060318579
-478.8,-1.44012023349,-478.8,-1.5004138256,-478.8,-1.47026702955
-477.6,-1.43963437509,-477.6,-1.50022375832,-477.6,-1.4699290667
-476.4,-1.4391455842,-476.4,-1.50003297994,-476.4,-1.46958928207
-475.2,-1.43865383409,-475.2,-1.49984148643,-475.2,-1.46924766026
-474,-1.43815909774,-474,-1.49964927373,-474,-1.46890418574
-472.8,-1.43766134778,-472.8,-1.49945633775,-472.8,-1.46855884276
-471.6,-1.43716055649,-471.6,-1.49926267437,-471.6,-1.46821161543
-470.4,-1.43665669584,-470.4,-1.49906827943,-470.4,-1.46786248764
-469.2,-1.43614973744,-469.2,-1.49887314876,-469.2,-1.4675114431
-468,-1.43563965254,-468,-1.49867727812,-468,-1.46715846533
-466.8,-1.43512641204,-466.8,-1.49848066327,-466.8,-1.46680353766
-465.6,-1.43460998648,-465.6,-1.49828329993,-465.6,-1.46644664321
-464.4,-1.43409034604,-464.4,-1.49808518379,-464.4,-1.46608776491
-463.2,-1.43356746051,-463.2,-1.49788631049,-463.2,-1.4657268855
-462,-1.43304129931,-462,-1.49768667565,-462,-1.46536398748
-460.8,-1.43251183147,-460.8,-1.49748627485,-460.8,-1.46499905316
-459.6,-1.43197902563,-459.6,-1.49728510365,-459.6,-1.46463206464
-458.4,-1.43144285004,-458.4,-1.49708315756,-458.4,-1.4642630038
-457.2,-1.43090327253,-457.2,-1.49688043207,-457.2,-1.4638918523
-456,-1.43036026054,-456,-1.4966769226,-456,-1.46351859157
-454.8,-1.42981378108,-454.8,-1.49647262459,-454.8,-1.46314320283
-453.6,-1.42926380072,-453.6,-1.49626753339,-453.6,-1.46276566705
-452.4,-1.42871028564,-452.4,-1.49606164434,-452.4,-1.46238596499
-451.2,-1.42815320154,-451.2,-1.49585495276,-451.2,-1.46200407715
-450,-1.4275925137,-450,-1.49564745389,-450,-1.4616199838
-448.8,-1.42702818696,-448.8,-1.49543914297,-448.8,-1.46123366496
-447.6,-1.42646018566,-447.6,-1.49523001519,-447.6,-1.46084510042
-446.4,-1.4258884737,-446.4,-1.49502006569,-446.4,-1.46045426969
-445.2,-1.42531301451,-445.2,-1.49480928959,-445.2,-1.46006115205
-444,-1.42473377103,-444,-1.49459768195,-444,-1.45966572649
-442.8,-1.4241507057,-442.8,-1.49438523783,-442.8,-1.45926797177
-441.6,-1.42356378048,-441.6,-1.4941719522,-441.6,-1.45886786634
-440.4,-1.42297295681,-440.4,-1.49395782003,-440.4,-1.45846538842
-439.2,-1.42237819562,-439.2,-1.49374283623,-439.2,-1.45806051592
-438,-1.42177945731,-438,-1.49352699566,-438,-1.45765322649
-436.8,-1.42117670176,-436.8,-1.49331029317,-436.8,-1.45724349746
-435.6,-1.42056988829,-435.6,-1.49309272354,-435.6,-1.45683130592
-434.4,-1.41995897569,-434.4,-1.49287428152,-434.4,-1.45641662861
-433.2,-1.41934392217,-433.2,-1.49265496182,-433.2,-1.455999442
-432,-1.41872468539,-432,-1.4924347591,-432,-1.45557972225
-430.8,-1.41810122242,-430.8,-1.49221366798,-430.8,-1.4551574452
-429.6,-1.41747348973,-429.6,-1.49199168303,-429.6,-1.45473258638
-428.4,-1.4168414432,-428.4,-1.49176879879,-428.4,-1.454305121
-427.2,-1.41620503812,-427.2,-1.49154500974,-427.2,-1.45387502393
-426,-1.41556422912,-426,-1.49132031032,-426,-1.45344226972
-424.8,-1.41491897024,-424.8,-1.49109469494,-424.8,-1.45300683259
-423.6,-1.41426921484,-423.6,-1.49086815793,-423.6,-1.45256868638
-422.4,-1.41361491564,-422.4,-1.4906406936,-422.4,-1.45212780462
-421.2,-1.41295602472,-421.2,-1.49041229622,-421.2,-1.45168416047
-420,-1.41229249345,-420,-1.49018295998,-420,-1.45123772671
-418.8,-1.41162427252,-418.8,-1.48995267905,-418.8,-1.45078847578
-417.6,-1.41095131192,-417.6,-1.48972144754,-417.6,-1.45033637973
-416.4,-1.41027356094,-416.4,-1.48948925951,-416.4,-1.44988141022
-415.2,-1.40959096812,-415.2,-1.48925610898,-415.2,-1.44942353855
-414,-1.40890348128,-414,-1.4890219899,-414,-1.44896273559
-412.8,-1.40821104747,-412.8,-1.4887868962,-412.8,-1.44849897184
-411.6,-1.407513613,-411.6,-1.48855082174,-411.6,-1.44803221737
-410.4,-1.40681112337,-410.4,-1.48831376032,-410.4,-1.44756244184
-409.2,-1.4061035233,-409.2,-1.4880757057,-409.2,-1.4470896145
-408,-1.4053907567,-408,-1.48783665158,-408,-1.44661370414
-406.8,-1.40467276666,-406.8,-1.48759659163,-406.8,-1.44613467915
-405.6,-1.40394949543,-405.6,-1.48735551943,-405.6,-1.44565250743
-404.4,-1.4032208844,-404.4,-1.48711342854,-404.4,-1.44516715647
-403.2,-1.40248687408,-403.2,-1.48687031243,-403.2,-1.44467859325
-402,-1.40174740412,-402,-1.48662616454,-402,-1.44418678433
-400.8,-1.40100241325,-400.8,-1.48638097825,-400.8,-1.44369169575
-399.6,-1.40025183928,-399.6,-1.48613474688,-399.6,-1.44319329308
-398.4,-1.39949561908,-398.4,-1.48588746369,-398.4,-1.44269154138
-397.2,-1.39873368857,-397.2,-1.48563912188,-397.2,-1.44218640523
-396,-1.39796598271,-396,-1.48538971461,-396,-1.44167784866
-394.8,-1.39719243543,-394.8,-1.48513923495,-394.8,-1.44116583519
-393.6,-1.39641297969,-393.6,-1.48488767593,-393.6,-1.44065032781
-392.4,-1.3956275474,-392.4,-1.48463503052,-392.4,-1.44013128896
-391.2,-1.39483606943,-391.2,-1.48438129163,-391.2,-1.43960868053
-390,-1.39403847555,-390,-1.48412645209,-390,-1.43908246382
-388.8,-1.39323469448,-388.8,-1.48387050469,-388.8,-1.43855259958
-387.6,-1.3924246538,-387.6,-1.48361344214,-387.6,-1.43801904797
-386.4,-1.39160827997,-386.4,-1.48335525709,-386.4,-1.43748176853
-385.2,-1.39078549827,-385.2,-1.48309594214,-385.2,-1.43694072021
-384,-1.38995623284,-384,-1.48283548981,-384,-1.43639586133
-382.8,-1.38912040659,-382.8,-1.48257389255,-382.8,-1.43584714957
-381.6,-1.38827794119,-381.6,-1.48231114275,-381.6,-1.43529454197
-380.4,-1.3874287571,-380.4,-1.48204723273,-380.4,-1.43473799491
-379.2,-1.38657277346,-379.2,-1.48178215476,-379.2,-1.43417746411
-378,-1.38570990814,-378,-1.481515901,-378,-1.43361290457
-376.8,-1.38484007766,-376.8,-1.48124846359,-376.8,-1.43304427063
-375.6,-1.38396319721,-375.6,-1.48097983455,-375.6,-1.43247151588
-374.4,-1.38307918057,-374.4,-1.48071000587,-374.4,-1.43189459322
-373.2,-1.38218794012,-373.2,-1.48043896945,-373.2,-1.43131345478
-372,-1.3812893868,-372,-1.48016671711,-372,-1.43072805195
-370.8,-1.38038343007,-370.8,-1.4798932406,-370.8,-1.43013833534
-369.6,-1.37946997792,-369.6,-1.47961853161,-369.6,-1.42954425476
-368.4,-1.37854893677,-368.4,-1.47934258173,-368.4,-1.42894575925
-367.2,-1.3776202115,-367.2,-1.4790653825,-367.2,-1.428342797
-366,-1.37668370539,-366,-1.47878692536,-366,-1.42773531538
-364.8,-1.37573932008,-364.8,-1.47850720169,-364.8,-1.42712326088
-363.6,-1.37478695555,-363.6,-1.47822620277,-363.6,-1.42650657916
-362.4,-1.37382651009,-362.4,-1.47794391982,-362.4,-1.42588521495
-361.2,-1.37285788024,-361.2,-1.47766034397,-361.2,-1.4252591121
-360,-1.37188096077,-360,-1.47737546627,-360,-1.42462821352
-358.8,-1.37089564465,-358.8,-1.47708927768,-358.8,-1.42399246116
-357.6,-1.36990182298,-357.6,-1.47680176909,-357.6,-1.42335179603
-356.4,-1.36889938499,-356.4,-1.47651293129,-356.4,-1.42270615814
-355.2,-1.36788821795,-355.2,-1.476222755,-355.2,-1.42205548647
-354,-1.36686820718,-354,-1.47593123084,-354,-1.42139971901
-352.8,-1.36583923598,-352.8,-1.47563834936,-352.8,-1.42073879267
-351.6,-1.36480118558,-351.6,-1.47534410099,-351.6,-1.42007264328
-350.4,-1.36375393509,-350.4,-1.4750484761,-350.4,-1.4194012056
-349.2,-1.3626973615,-349.2,-1.47475146495,-349.2,-1.41872441322
-348,-1.36163133955,-348,-1.47445305773,-348,-1.41804219864
-346.8,-1.36055574176,-346.8,-1.47415324451,-346.8,-1.41735449314
-345.6,-1.35947043835,-345.6,-1.47385201529,-345.6,-1.41666122682
-344.4,-1.35837529715,-344.4,-1.47354935995,-344.4,-1.41596232855
-343.2,-1.35727018361,-343.2,-1.4732452683,-343.2,-1.41525772596
-342,-1.35615496071,-342,-1.47293973003,-342,-1.41454734537
-340.8,-1.3550294889,-340.8,-1.47263273475,-340.8,-1.41383111183
-339.6,-1.35389362606,-339.6,-1.47232427196,-339.6,-1.41310894901
-338.4,-1.35274722741,-338.4,-1.47201433105,-338.4,-1.41238077923
-337.2,-1.35159014548,-337.2,-1.47170290133,-337.2,-1.41164652341
-336,-1.35042223005,-336,-1.47138997199,-336,-1.41090610102
-334.8,-1.34924332805,-334.8,-1.47107553211,-334.8,-1.41015943008
-333.6,-1.34805328352,-333.6,-1.47075957069,-333.6,-1.40940642711
-332.4,-1.34685193754,-332.4,-1.47044207659,-332.4,-1.40864700706
-331.2,-1.34563912813,-331.2,-1.47012303859,-331.2,-1.40788108336
-330,-1.34441469023,-330,-1.46980244533,-330,-1.40710856778
-328.8,-1.34317845558,-328.8,-1.46948028538,-328.8,-1.40632937048
-327.6,-1.34193025265,-327.6,-1.46915654715,-327.6,-1.4055433999
-326.4,-1.3406699066,-326.4,-1.46883121897,-326.4,-1.40475056278
-325.2,-1.33939723912,-325.2,-1.46850428904,-325.2,-1.40395076408
-324,-1.33811206844,-324,-1.46817574545,-324,-1.40314390694
-322.8,-1.33681420917,-322.8,-1.46784557616,-322.8,-1.40232989266
-321.6,-1.33550347223,-321.6,-1.46751376903,-321.6,-1.40150862063
-320.4,-1.33417966478,-320.4,-1.46718031178,-320.4,-1.40067998828
-319.2,-1.33284259012,-319.2,-1.46684519201,-319.2,-1.39984389106
-318,-1.33149204756,-318,-1.4665083972,-318,-1.39900022238
-316.8,-1.33012783235,-316.8,-1.4661699147,-316.8,-1.39814887353
-315.6,-1.32874973557,-315.6,-1.46582973175,-315.6,-1.39728973366
-314.4,-1.32735754403,-314.4,-1.46548783543,-314.4,-1.39642268973
-313.2,-1.32595104013,-313.2,-1.46514421271,-313.2,-1.39554762642
-312,-1.3245300018,-312,-1.46479885042,-312,-1.39466442611
-310.8,-1.32309420231,-310.8,-1.46445173527,-310.8,-1.39377296879
-309.6,-1.32164341023,-309.6,-1.46410285381,-309.6,-1.39287313202
-308.4,-1.32017738925,-308.4,-1.46375219247,-308.4,-1.39196479086
-307.2,-1.31869589806,-307.2,-1.46339973754,-307.2,-1.3910478178
-306,-1.31719869023,-306,-1.46304547515,-306,-1.39012208269
-304.8,-1.31568551408,-304.8,-1.46268939131,-304.8,-1.38918745269
-303.6,-1.31415611251,-303.6,-1.46233147187,-303.6,-1.38824379219
-302.4,-1.31261022287,-302.4,-1.46197170255,-302.4,-1.38729096271
-301.2,-1.31104757684,-301.2,-1.4616100689,-301.2,-1.38632882287
-300,-1.30946790021,-300,-1.46124655634,-300,-1.38535722827
-298.8,-1.30787091277,-298.8,-1.46088115011,-298.8,-1.38437603144
-297.6,-1.30625632813,-297.6,-1.46051383533,-297.6,-1.38338508173
-296.4,-1.30462385355,-296.4,-1.46014459694,-296.4,-1.38238422524
-295.2,-1.30297318974,-295.2,-1.45977341972,-295.2,-1.38137330473
-294,-1.30130403074,-294,-1.4594002883,-294,-1.38035215952
-292.8,-1.29961606363,-292.8,-1.45902518715,-292.8,-1.37932062539
-291.6,-1.29790896845,-291.6,-1.45864810056,-291.6,-1.3782785345
-290.4,-1.2961824179,-290.4,-1.45826901266,-290.4,-1.37722571528
-289.2,-1.29443607718,-289.2,-1.45788790742,-289.2,-1.3761619923
-288,-1.29266960378,-288,-1.45750476862,-288,-1.3750871862
-286.8,-1.29088264722,-286.8,-1.45711957987,-286.8,-1.37400111355
-285.6,-1.28907484885,-285.6,-1.45673232463,-285.6,-1.37290358674
-284.4,-1.28724584159,-284.4,-1.45634298614,-284.4,-1.37179441387
-283.2,-1.28539524969,-283.2,-1.45595154749,-283.2,-1.37067339859
-282,-1.28352268848,-282,-1.45555799156,-282,-1.36954034002
-280.8,-1.28162776409,-280.8,-1.45516230107,-280.8,-1.36839503258
-279.6,-1.27971007316,-279.6,-1.45476445854,-279.6,-1.36723726585
-278.4,-1.2777692026,-278.4,-1.4543644463,-278.4,-1.36606682445
-277.2,-1.27580472925,-277.2,-1.45396224647,-277.2,-1.36488348786
-276,-1.27381621958,-276,-1.453557841,-276,-1.36368703029
-274.8,-1.27180322941,-274.8,-1.45315121163,-274.8,-1.36247722052
-273.6,-1.2697653035,-273.6,-1.45274233989,-273.6,-1.36125382169
-272.4,-1.2677019753,-272.4,-1.4523312071,-272.4,-1.3600165912
-271.2,-1.2656127665,-271.2,-1.45191779441,-271.2,-1.35876528045
-270,-1.26349718674,-270,-1.4515020827,-270,-1.35749963472
-268.8,-1.26135473319,-268.8,-1.4510840527,-268.8,-1.35621939295
-267.6,-1.25918489015,-267.6,-1.45066368487,-267.6,-1.35492428751
-266.4,-1.25698712863,-266.4,-1.45024095948,-266.4,-1.35361404406
-265.2,-1.25476090594,-265.2,-1.44981585657,-265.2,-1.35228838126
-264,-1.25250566523,-264,-1.44938835596,-264,-1.35094701059
-262.8,-1.25022083503,-262.8,-1.44895843722,-262.8,-1.34958963612
-261.6,-1.24790582877,-261.6,-1.44852607971,-261.6,-1.34821595424
-260.4,-1.24556004426,-260.4,-1.44809126254,-260.4,-1.3468256534
-259.2,-1.24318286318,-259.2,-1.4476539646,-259.2,-1.34541841389
-258,-1.24077365056,-258,-1.44721416451,-258,-1.34399390754
-256.8,-1.23833175417,-256.8,-1.44677184067,-256.8,-1.34255179742
-255.6,-1.23585650395,-255.6,-1.44632697122,-255.6,-1.34109173758
-254.4,-1.2333472114,-254.4,-1.44587953403,-254.4,-1.33961337272
-253.2,-1.23080316896,-253.2,-1.44542950674,-253.2,-1.33811633785
-252,-1.22822364928,-252,-1.44497686671,-252,-1.336600258
-250.8,-1.22560790462,-250.8,-1.44452159106,-250.8,-1.33506474784
-249.6,-1.22295516604,-249.6,-1.44406365661,-249.6,-1.33350941133
-248.4,-1.22026464271,-248.4,-1.44360303993,-248.4,-1.33193384132
-247.2,-1.21753552106,-247.2,-1.4431397173,-247.2,-1.33033761918
-246,-1.21476696404,-246,-1.44267366474,-246,-1.32872031439
-244.8,-1.21195811019,-244.8,-1.44220485795,-244.8,-1.32708148407
-243.6,-1.20910807278,-243.6,-1.44173327239,-243.6,-1.32542067258
-242.4,-1.20621593887,-242.4,-1.44125888318,-242.4,-1.32373741103
-241.2,-1.20328076835,-241.2,-1.44078166517,-241.2,-1.32203121676
-240,-1.20030159289,-240,-1.44030159289,-240,-1.32030159289
-238.8,-1.19727741491,-238.8,-1.4398186406,-238.8,-1.31854802775
-237.6,-1.19420720641,-237.6,-1.4393327822,-237.6,-1.3167699943
-236.4,-1.19108990788,-236.4,-1.4388439913,-236.4,-1.31496694959
-235.2,-1.18792442702,-235.2,-1.4383522412,-235.2,-1.31313833411
-234,-1.18470963749,-234,-1.43785750485,-234,-1.31128357117
-232.8,-1.18144437757,-232.8,-1.43735975488,-232.8,-1.30940206623
-231.6,-1.17812744875,-231.6,-1.4368589636,-231.6,-1.30749320618
-230.4,-1.17475761429,-230.4,-1.43635510295,-230.4,-1.30555635862
-229.2,-1.17133359762,-229.2,-1.43584814454,-229.2,-1.30359087108
-228,-1.16785408082,-228,-1.43533805964,-228,-1.30159607023
-226.8,-1.16431770283,-226.8,-1.43482481914,-226.8,-1.29957126099
-225.6,-1.16072305776,-225.6,-1.43430839359,-225.6,-1.29751572567
-224.4,-1.15706869296,-224.4,-1.43378875314,-224.4,-1.29542872305
-223.2,-1.15335310709,-223.2,-1.43326586761,-223.2,-1.29330948735
-222,-1.14957474808,-222,-1.43273970641,-222,-1.29115722724
-220.8,-1.14573201092,-220.8,-1.43221023857,-220.8,-1.28897112475
-219.6,-1.14182323544,-219.6,-1.43167743274,-219.6,-1.28675033409
-218.4,-1.13784670387,-218.4,-1.43114125715,-218.4,-1.28449398051
-217.2,-1.13380063836,-217.2,-1.43060167964,-217.2,-1.282201159
-216,-1.12968319831,-216,-1.43005866765,-216,-1.27987093298
-214.8,-1.12549247757,-214.8,-1.42951218818,-214.8,-1.27750233288
-213.6,-1.12122650151,-213.6,-1.42896220783,-213.6,-1.27509435467
-212.4,-1.11688322391,-212.4,-1.42840869274,-212.4,-1.27264595833
-211.2,-1.1124605237,-211.2,-1.42785160864,-211.2,-1.27015606617
-210,-1.10795620148,-210,-1.42729092081,-210,-1.26762356114
-208.8,-1.10336797588,-208.8,-1.42672659406,-208.8,-1.26504728497
-207.6,-1.09869347973,-207.6,-1.42615859276,-207.6,-1.26242603625
-206.4,-1.09393025597,-206.4,-1.42558688081,-206.4,-1.25975856839
-205.2,-1.0890757533,-205.2,-1.42501142162,-205.2,-1.25704358746
-204,-1.0841273217,-204,-1.42443217814,-204,-1.25427974992
-202.8,-1.07908220756,-202.8,-1.42384911281,-202.8,-1.25146566018
-201.6,-1.07393754856,-201.6,-1.42326218759,-201.6,-1.24859986807
-200.4,-1.06869036827,-200.4,-1.42267136392,-200.4,-1.2456808661
-199.2,-1.06333757042,-199.2,-1.42207660273,-199.2,-1.24270708658
-198,-1.05787593278,-198,-1.42147786442,-198,-1.2396768986
-196.8,-1.05230210069,-196.8,-1.42087510886,-196.8,-1.23658860478
-195.6,-1.04661258022,-195.6,-1.4202682954,-195.6,-1.23344043781
-194.4,-1.0408037308,-194.4,-1.4196573828,-194.4,-1.2302305568
-193.2,-1.03487175755,-193.2,-1.41904232928,-193.2,-1.22695704341
-192,-1.02881270289,-192,-1.4184230925,-192,-1.22361789769
-190.8,-1.02262243783,-190.8,-1.41779962952,-190.8,-1.22021103368
-189.6,-1.01629665255,-189.6,-1.41717189683,-189.6,-1.21673427469
-188.4,-1.00983084636,-188.4,-1.41653985031,-188.4,-1.21318534834
-187.2,-1.00322031708,-187.2,-1.41590344522,-187.2,-1.20956188115
-186,-0.996460149588,-186,-1.41526263623,-186,-1.20586139291
-184.8,-0.989545203628,-184.8,-1.41461737734,-184.8,-1.20208129048
-183.6,-0.982470100804,-183.6,-1.41396762194,-183.6,-1.19821886137
-182.4,-0.9752292106,-182.4,-1.41331332275,-182.4,-1.19427126667
-181.2,-0.967816635442,-181.2,-1.41265443183,-181.2,-1.19023553363
-180,-0.960226194671,-180,-1.41199090055,-180,-1.18610854761
-178.8,-0.952451407354,-178.8,-1.41132267962,-178.8,-1.18188704349
-177.6,-0.944485473824,-177.6,-1.41064971903,-177.6,-1.17756759643
-176.4,-0.93632125584,-176.4,-1.40997196804,-176.4,-1.17314661194
-175.2,-0.92795125525,-175.2,-1.40928937522,-175.2,-1.16862031524
-174,-0.919367591019,-174,-1.40860188838,-174,-1.1639847397
-172.8,-0.91056197447,-172.8,-1.40790945458,-172.8,-1.15923571452
-171.6,-0.901525682588,-171.6,-1.4072120201,-171.6,-1.15436885134
-170.4,-0.892249529185,-170.4,-1.40650953047,-170.4,-1.14937952983
-169.2,-0.882723833753,-169.2,-1.4058019304,-169.2,-1.14426288208
-168,-0.872938387754,-168,-1.40508916381,-168,-1.13901377578
-166.8,-0.862882418122,-166.8,-1.40437117377,-166.8,-1.13362679595
-165.6,-0.852544547696,-165.6,-1.40364790254,-165.6,-1.12809622512
-164.4,-0.84191275227,-164.4,-1.4029192915,-164.4,-1.12241602189
-163.2,-0.830974313938,-163.2,-1.40218528119,-163.2,-1.11657979756
-162,-0.819715770326,-162,-1.40144581123,-162,-1.11058079078
-160.8,-0.808122859319,-160.8,-1.40070082036,-160.8,-1.10441183984
-159.6,-0.796180458772,-159.6,-1.39995024638,-159.6,-1.09806535258
-158.4,-0.783872520698,-158.4,-1.39919402618,-158.4,-1.09153327344
-157.2,-0.771181999305,-157.2,-1.39843209568,-157.2,-1.08480704749
-156,-0.758090772224,-156,-1.39766438981,-156,-1.07787758102
-154.8,-0.744579554155,-154.8,-1.39689084254,-154.8,-1.07073519835
-153.6,-0.730627802061,-153.6,-1.3961113868,-153.6,-1.06336959443
-152.4,-0.716213610936,-152.4,-1.39532595451,-152.4,-1.05576978272
-151.2,-0.701313599029,-151.2,-1.39453447653,-151.2,-1.04792403778
-150,-0.685902781274,-150,-1.39373688266,-150,-1.03981983196
-148.8,-0.669954429455,-148.8,-1.39293310158,-148.8,-1.03144376552
-147.6,-0.6534399175,-147.6,-1.3921230609,-147.6,-1.0227814892
-146.4,-0.636328549979,-146.4,-1.39130668707,-146.4,-1.01381761852
-145.2,-0.618587371677,-145.2,-1.39048390538,-145.2,-1.00453563853
-144,-0.600180955737,-144,-1.38965463995,-144,-0.994917797842
-142.8,-0.581071167518,-142.8,-1.38881881369,-142.8,-0.984944990604
-141.6,-0.561216900847,-141.6,-1.3879763483,-141.6,-0.974596624571
-140.4,-0.540573782837,-140.4,-1.3871271642,-140.4,-0.963850473519
-139.2,-0.519093842798,-139.2,-1.38627118056,-139.2,-0.952682511681
-138,-0.496725140052,-138,-1.38540831524,-138,-0.941066727648
-136.8,-0.47341134457,-136.8,-1.38453848477,-136.8,-0.92897491467
-135.6,-0.449091263295,-135.6,-1.38366160432,-135.6,-0.916376433805
-134.4,-0.423698303786,-134.4,-1.38277758767,-134.4,-0.903237945729
-133.2,-0.39715986526,-133.2,-1.38188634722,-133.2,-0.889523106241
-132,-0.369396645323,-132,-1.3809877939,-132,-0.875192219612
-130.8,-0.340321848443,-130.8,-1.38008183718,-130.8,-0.860201842811
-129.6,-0.309840279518,-129.6,-1.37916838503,-129.6,-0.844504332272
-128.4,-0.277847302612,-128.4,-1.37824734388,-128.4,-0.828047323244
-127.2,-0.244227640844,-127.2,-1.37731861861,-127.2,-0.810773129726
-126,-0.208853988444,-126,-1.37638211249,-126,-0.792618050469
-124.8,-0.171585399734,-124.8,-1.37543772718,-124.8,-0.773511563458
-123.6,-0.132265412084,-123.6,-1.37448536265,-123.6,-0.753375387369
-122.4,-0.0907198501122,-122.4,-1.37352491719,-122.4,-0.732122383652
-121.2,-0.0467542461594,-121.2,-1.37255628734,-121.2,-0.709655266751
-120,-0.000150796447372,-120,-1.37157936788,-120,-0.685865082162
-118.8,0.0464526532647,-118.8,-1.37059405175,-118.8,-0.662070699245
-117.6,0.0904182572174,-117.6,-1.36960023009,-117.6,-0.639590986434
-116.4,0.131963819189,-116.4,-1.36859779209,-116.4,-0.618316986451
-115.2,0.171283806839,-115.2,-1.36758662505,-115.2,-0.598151409108
-114,0.208552395549,-114,-1.36656661429,-114,-0.57900710937
-112.8,0.24392604795,-112.8,-1.36553764309,-112.8,-0.56080579757
-111.6,0.277545709717,-111.6,-1.36449959268,-111.6,-0.543476941484
-110.4,0.309538686623,-110.4,-1.3634523422,-110.4,-0.526956827788
-109.2,0.340020255548,-109.2,-1.3623957686,-109.2,-0.511187756526
-108,0.369095052428,-108,-1.36132974665,-108,-0.496117347113
-106.8,0.396858272365,-106.8,-1.36025414887,-106.8,-0.481697938252
-105.6,0.423396710891,-105.6,-1.35916884545,-105.6,-0.46788606728
-104.4,0.4487896704,-104.4,-1.35807370426,-104.4,-0.454642016928
-103.2,0.473109751675,-103.2,-1.35696859072,-103.2,-0.441929419522
-102,0.496423547158,-102,-1.35585336782,-102,-0.429714910331
-100.8,0.518792249903,-100.8,-1.35472789601,-100.8,-0.417967823053
-99.6,0.540272189942,-99.6,-1.35359203316,-99.6,-0.40665992161
-98.4,0.560915307952,-98.4,-1.35244563451,-98.4,-0.395765163279
-97.2,0.580769574623,-97.2,-1.35128855259,-97.2,-0.385259488982
-96,0.599879362842,-96,-1.35012063716,-96,-0.375120637158
-94.8,0.618285778782,-94.8,-1.34894173516,-94.8,-0.365327978188
-93.6,0.636026957084,-93.6,-1.34775169063,-93.6,-0.355862366773
-92.4,0.653138324605,-92.4,-1.34655034464,-92.4,-0.346706010019
-91.2,0.66965283656,-91.2,-1.34533753524,-91.2,-0.337842349338
-90,0.685601188379,-90,-1.34411309734,-90,-0.329255954478
-88.8,0.701012006135,-88.8,-1.34287686268,-88.8,-0.320932428274
-87.6,0.715912018041,-87.6,-1.34162865976,-87.6,-0.312858320859
-86.4,0.730326209167,-86.4,-1.3403683137,-86.4,-0.305021052268
-85.2,0.74427796126,-85.2,-1.33909564623,-85.2,-0.297408842484
-84,0.757789179329,-84,-1.33781047555,-84,-0.290010648109
-82.8,0.77088040641,-82.8,-1.33651261627,-82.8,-0.28281610493
-81.6,0.783570927804,-81.6,-1.33520187933,-81.6,-0.275815475765
-80.4,0.795878865878,-80.4,-1.33387807189,-80.4,-0.268999603006
-79.2,0.807821266424,-79.2,-1.33254099723,-79.2,-0.262359865402
-78,0.819414177431,-78,-1.33119045467,-78,-0.255888138617
-76.8,0.830672721043,-76.8,-1.32982623946,-76.8,-0.249576759207
-75.6,0.841611159376,-75.6,-1.32844814268,-75.6,-0.243418491652
-74.4,0.852242954801,-74.4,-1.32705595114,-74.4,-0.237406498167
-73.2,0.862580825227,-73.2,-1.32564944724,-73.2,-0.231534311006
-72,0.872636794859,-72,-1.3242284089,-72,-0.225795807022
-70.8,0.882422240858,-70.8,-1.32279260942,-70.8,-0.22018518428
-69.6,0.891947936291,-69.6,-1.32134181734,-69.6,-0.214696940525
-68.4,0.901224089693,-68.4,-1.31987579636,-68.4,-0.209325853332
-67.2,0.910260381576,-67.2,-1.31839430517,-67.2,-0.204066961795
-66,0.919065998124,-66,-1.31689709734,-66,-0.198915549607
-64.8,0.927649662355,-64.8,-1.31538392118,-64.8,-0.193867129415
-63.6,0.936019662945,-63.6,-1.31385451961,-63.6,-0.188917428334
-62.4,0.944183880929,-62.4,-1.31230862998,-62.4,-0.184062374525
-61.2,0.95214981446,-61.2,-1.31074598395,-61.2,-0.179298084743
-60,0.959924601776,-60,-1.30916630731,-60,-0.174620852769
-58.8,0.967515042547,-58.8,-1.30756931988,-58.8,-0.170027138664
-57.6,0.974927617705,-57.6,-1.30595473524,-57.6,-0.165513558765
-56.4,0.982168507909,-56.4,-1.30432226065,-56.4,-0.161076876371
-55.2,0.989243610733,-55.2,-1.30267159685,-55.2,-0.156713993058
-54,0.996158556693,-54,-1.30100243784,-54,-0.152421940574
-52.8,1.00291872419,-52.8,-1.29931447074,-52.8,-0.148197873274
-51.6,1.00952925347,-51.6,-1.29760737555,-51.6,-0.144039061043
-50.4,1.01599505965,-50.4,-1.295880825,-50.4,-0.139942882675
-49.2,1.02232084494,-49.2,-1.29413448429,-49.2,-0.135906819675
-48,1.02851110999,-48,-1.29236801089,-48,-0.131928450447
-46.8,1.03457016465,-46.8,-1.29058105433,-46.8,-0.128005444839
-45.6,1.04050213791,-45.6,-1.28877325596,-45.6,-0.124135559024
-44.4,1.04631098732,-44.4,-1.2869442487,-44.4,-0.120316630688
-43.2,1.0520005078,-43.2,-1.2850936568,-43.2,-0.1165465745
-42,1.05757433989,-42,-1.28322109559,-42,-0.11282337785
-40.8,1.06303597753,-40.8,-1.28132617119,-40.8,-0.10914509683
-39.6,1.06838877538,-39.6,-1.27940848026,-39.6,-0.105509852442
-38.4,1.07363595566,-38.4,-1.2774676097,-38.4,-0.101915827019
-37.2,1.07878061466,-37.2,-1.27550313635,-37.2,-0.0983612608431
-36,1.08382572881,-36,-1.27351462669,-36,-0.0948444489408
-34.8,1.0887741604,-34.8,-1.27150163651,-34.8,-0.0913637380549
-33.6,1.09362866307,-33.6,-1.26946371061,-33.6,-0.0879175237689
-32.4,1.09839188684,-32.4,-1.2674003824,-32.4,-0.0845042477802
-31.2,1.10306638299,-31.2,-1.2653111736,-31.2,-0.0811223953089
-30,1.10765460858,-30,-1.26319559385,-30,-0.0777704926341
-28.8,1.1121589308,-28.8,-1.2610531403,-28.8,-0.074447104748
-27.6,1.11658163102,-27.6,-1.25888329726,-27.6,-0.0711508331194
-26.4,1.12092490861,-26.4,-1.25668553573,-26.4,-0.0678803135598
-25.2,1.12519088467,-25.2,-1.25445931304,-25.2,-0.0646342141837
-24,1.12938160542,-24,-1.25220407233,-24,-0.0614112334583
-22.8,1.13349904547,-22.8,-1.24991924213,-22.8,-0.0582100983333
-21.6,1.13754511097,-21.6,-1.24760423587,-21.6,-0.0550295624484
-20.4,1.14152164254,-20.4,-1.24525845136,-20.4,-0.0518684044098
-19.2,1.14543041802,-19.2,-1.24288127029,-19.2,-0.0487254261329
-18,1.14927315518,-18,-1.24047205767,-18,-0.0455994512443
-16.8,1.1530515142,-16.8,-1.23803016128,-16.8,-0.0424893235403
-15.6,1.15676710006,-15.6,-1.23555491106,-15.6,-0.0393939054961
-14.4,1.16042146487,-14.4,-1.23304561851,-14.4,-0.0363120768218
-13.2,1.16401610994,-13.2,-1.23050157606,-13.2,-0.0332427330617
-12,1.16755248792,-12,-1.22792205639,-12,-0.030184784233
-10.8,1.17103200473,-10.8,-1.22530631173,-10.8,-0.0271371534999
-9.6,1.17445602139,-9.6,-1.22265357315,-9.6,-0.0240987758796
-8.4,1.17782585586,-8.4,-1.21996304981,-8.4,-0.0210685969774
-7.2,1.18114278467,-7.2,-1.21723392817,-7.2,-0.0180455717479
-6,1.18440804459,-6,-1.21446537115,-6,-0.0150286632772
-4.8,1.18762283412,-4.8,-1.21165651729,-4.8,-0.0120168415867
-3.6,1.19078831498,-3.6,-1.20880647988,-3.6,-0.00900908245119
-2.4,1.19390561351,-2.4,-1.20591434598,-2.4,-0.00600436623277
-1.2,1.19697582201,-1.2,-1.20297917546,-1.2,-0.00300167672397
0,1.2,0,-1.2,0,0
1.2,1.20297917546,1.2,-1.19697582201,1.2,0.00300167672397
2.4,1.20591434598,2.4,-1.19390561351,2.4,0.00600436623277
3.6,1.20880647988,3.6,-1.19078831498,3.6,0.00900908245119
4.8,1.21165651729,4.8,-1.18762283412,4.8,0.0120168415867
6,1.21446537115,6,-1.18440804459,6,0.0150286632772
7.2,1.21723392817,7.2,-1.18114278467,7.2,0.0180455717479
8.4,1.21996304981,8.4,-1.17782585586,8.4,0.0210685969774
9.6,1.22265357315,9.6,-1.17445602139,9.6,0.0240987758796
10.8,1.22530631173,10.8,-1.17103200473,10.8,0.0271371534999
12,1.22792205639,12,-1.16755248792,12,0.030184784233
13.2,1.23050157606,13.2,-1.16401610994,13.2,0.0332427330617
14.4,1.23304561851,14.4,-1.16042146487,14.4,0.0363120768218
15.6,1.23555491106,15.6,-1.15676710006,15.6,0.0393939054961
16.8,1.23803016128,16.8,-1.1530515142,16.8,0.0424893235403
18,1.24047205767,18,-1.14927315518,18,0.0455994512443
19.2,1.24288127029,19.2,-1.14543041802,19.2,0.0487254261329
20.4,1.24525845136,20.4,-1.14152164254,20.4,0.0518684044098
21.6,1.24760423587,21.6,-1.13754511097,21.6,0.0550295624484
22.8,1.24991924213,22.8,-1.13349904547,22.8,0.0582100983333
24,1.25220407233,24,-1.12938160542,24,0.0614112334583
25.2,1.25445931304,25.2,-1.12519088467,25.2,0.0646342141837
26.4,1.25668553573,26.4,-1.12092490861,26.4,0.0678803135598
27.6,1.25888329726,27.6,-1.11658163102,27.6,0.0711508331194
28.8,1.2610531403,28.8,-1.1121589308,28.8,0.074447104748
30,1.26319559385,30,-1.10765460858,30,0.0777704926341
31.2,1.2653111736,31.2,-1.10306638299,31.2,0.0811223953089
32.4,1.2674003824,32.4,-1.09839188684,32.4,0.0845042477802
33.6,1.26946371061,33.6,-1.09362866307,33.6,0.0879175237689
34.8,1.27150163651,34.8,-1.0887741604,34.8,0.0913637380549
36,1.27351462669,36,-1.08382572881,36,0.0948444489408
37.2,1.27550313635,37.2,-1.07878061466,37.2,0.0983612608431
38.4,1.2774676097,38.4,-1.07363595566,38.4,0.101915827019
39.6,1.27940848026,39.6,-1.06838877538,39.6,0.105509852442
40.8,1.28132617119,40.8,-1.06303597753,40.8,0.10914509683
42,1.28322109559,42,-1.05757433989,42,0.11282337785
43.2,1.2850936568,43.2,-1.0520005078,43.2,0.1165465745
44.4,1.2869442487,44.4,-1.04631098732,44.4,0.120316630688
45.6,1.28877325596,45.6,-1.04050213791,45.6,0.124135559024
46.8,1.29058105433,46.8,-1.03457016465,46.8,0.128005444839
48,1.29236801089,48,-1.02851110999,48,0.131928450447
49.2,1.29413448429,49.2,-1.02232084494,49.2,0.135906819675
50.4,1.295880825,50.4,-1.01599505965,50.4,0.139942882675
51.6,1.29760737555,51.6,-1.00952925347,51.6,0.144039061043
52.8,1.29931447074,52.8,-1.00291872419,52.8,0.148197873274
54,1.30100243784,54,-0.996158556693,54,0.152421940574
55.2,1.30267159685,55.2,-0.989243610733,55.2,0.156713993058
56.4,1.30432226065,56.4,-0.982168507909,56.4,0.161076876371
57.6,1.30595473524,57.6,-0.974927617705,57.6,0.165513558765
58.8,1.30756931988,58.8,-0.967515042547,58.8,0.170027138664
60,1.30916630731,60,-0.959924601776,60,0.174620852769
61.2,1.31074598395,61.2,-0.95214981446,61.2,0.179298084743
62.4,1.31230862998,62.4,-0.944183880929,62.4,0.184062374525
63.6,1.31385451961,63.6,-0.936019662945,63.6,0.188917428334
64.8,1.31538392118,64.8,-0.927649662355,64.8,0.193867129415
66,1.31689709734,66,-0.919065998124,66,0.198915549607
67.2,1.31839430517,67.2,-0.910260381576,67.2,0.204066961795
68.4,1.31987579636,68.4,-0.901224089693,68.4,0.209325853332
69.6,1.32134181734,69.6,-0.891947936291,69.6,0.214696940525
70.8,1.32279260942,70.8,-0.882422240858,70.8,0.22018518428
72,1.3242284089,72,-0.872636794859,72,0.225795807022
73.2,1.32564944724,73.2,-0.862580825227,73.2,0.231534311006
74.4,1.32705595114,74.4,-0.852242954801,74.4,0.237406498167
75.6,1.32844814268,75.6,-0.841611159376,75.6,0.243418491652
76.8,1.32982623946,76.8,-0.830672721043,76.8,0.249576759207
78,1.33119045467,78,-0.819414177431,78,0.255888138617
79.2,1.33254099723,79.2,-0.807821266424,79.2,0.262359865402
80.4,1.33387807189,80.4,-0.795878865878,80.4,0.268999603006
81.6,1.33520187933,81.6,-0.783570927804,81.6,0.275815475765
82.8,1.33651261627,82.8,-0.77088040641,82.8,0.28281610493
84,1.33781047555,84,-0.757789179329,84,0.290010648109
85.2,1.33909564623,85.2,-0.74427796126,85.2,0.297408842484
86.4,1.3403683137,86.4,-0.730326209167,86.4,0.305021052268
87.6,1.34162865976,87.6,-0.715912018041,87.6,0.312858320859
88.8,1.34287686268,88.8,-0.701012006135,88.8,0.320932428274
90,1.34411309734,90,-0.685601188379,90,0.329255954478
91.2,1.34533753524,91.2,-0.66965283656,91.2,0.337842349338
92.4,1.34655034464,92.4,-0.653138324605,92.4,0.346706010019
93.6,1.34775169063,93.6,-0.636026957084,93.6,0.355862366773
94.8,1.34894173516,94.8,-0.618285778782,94.8,0.365327978188
96,1.35012063716,96,-0.599879362842,96,0.375120637158
97.2,1.35128855259,97.2,-0.580769574623,97.2,0.385259488982
98.4,1.35244563451,98.4,-0.560915307952,98.4,0.395765163279
99.6,1.35359203316,99.6,-0.540272189942,99.6,0.40665992161
100.8,1.35472789601,100.8,-0.518792249903,100.8,0.417967823053
102,1.35585336782,102,-0.496423547158,102,0.429714910331
103.2,1.35696859072,103.2,-0.473109751675,103.2,0.441929419522
104.4,1.35807370426,104.4,-0.4487896704,104.4,0.454642016928
105.6,1.35916884545,105.6,-0.423396710891,105.6,0.46788606728
106.8,1.36025414887,106.8,-0.396858272365,106.8,0.481697938252
108,1.36132974665,108,-0.369095052428,108,0.496117347113
109.2,1.3623957686,109.2,-0.340020255548,109.2,0.511187756526
110.4,1.3634523422,110.4,-0.309538686623,110.4,0.526956827788
111.6,1.36449959268,111.6,-0.277545709717,111.6,0.543476941484
112.8,1.36553764309,112.8,-0.24392604795,112.8,0.56080579757
114,1.36656661429,114,-0.208552395549,114,0.57900710937
115.2,1.36758662505,115.2,-0.171283806839,115.2,0.598151409108
116.4,1.36859779209,116.4,-0.131963819189,116.4,0.618316986451
117.6,1.36960023009,117.6,-0.0904182572174,117.6,0.639590986434
118.8,1.37059405175,118.8,-0.0464526532647,118.8,0.662070699245
120,1.37157936788,120,0.000150796447372,120,0.685865082162
121.2,1.37255628734,121.2,0.0467542461594,121.2,0.709655266751
122.4,1.37352491719,122.4,0.0907198501122,122.4,0.732122383652
123.6,1.37448536265,123.6,0.132265412084,123.6,0.753375387369
124.8,1.37543772718,124.8,0.171585399734,124.8,0.773511563458
126,1.37638211249,126,0.208853988444,126,0.792618050469
127.2,1.37731861861,127.2,0.244227640844,127.2,0.810773129726
128.4,1.37824734388,128.4,0.277847302612,128.4,0.828047323244
129.6,1.37916838503,129.6,0.309840279518,129.6,0.844504332272
130.8,1.38008183718,130.8,0.340321848443,130.8,0.860201842811
132,1.3809877939,132,0.369396645323,132,0.875192219612
133.2,1.38188634722,133.2,0.39715986526,133.2,0.889523106241
134.4,1.38277758767,134.4,0.423698303786,134.4,0.903237945729
135.6,1.38366160432,135.6,0.449091263295,135.6,0.916376433805
136.8,1.38453848477,136.8,0.47341134457,136.8,0.92897491467
138,1.38540831524,138,0.496725140052,138,0.941066727648
139.2,1.38627118056,139.2,0.519093842798,139.2,0.952682511681
140.4,1.3871271642,140.4,0.540573782837,140.4,0.963850473519
141.6,1.3879763483,141.6,0.561216900847,141.6,0.974596624571
142.8,1.38881881369,142.8,0.581071167518,142.8,0.984944990604
144,1.38965463995,144,0.600180955737,144,0.994917797842
145.2,1.39048390538,145.2,0.618587371677,145.2,1.00453563853
146.4,1.39130668707,146.4,0.636328549979,146.4,1.01381761852
147.6,1.3921230609,147.6,0.6534399175,147.6,1.0227814892
148.8,1.39293310158,148.8,0.669954429455,148.8,1.03144376552
150,1.39373688266,150,0.685902781274,150,1.03981983196
151.2,1.39453447653,151.2,0.701313599029,151.2,1.04792403778
152.4,1.39532595451,152.4,0.716213610936,152.4,1.05576978272
153.6,1.3961113868,153.6,0.730627802061,153.6,1.06336959443
154.8,1.39689084254,154.8,0.744579554155,154.8,1.07073519835
156,1.39766438981,156,0.758090772224,156,1.07787758102
157.2,1.39843209568,157.2,0.771181999305,157.2,1.08480704749
158.4,1.39919402618,158.4,0.783872520698,158.4,1.09153327344
159.6,1.39995024638,159.6,0.796180458772,159.6,1.09806535258
160.8,1.40070082036,160.8,0.808122859319,160.8,1.10441183984
162,1.40144581123,162,0.819715770326,162,1.11058079078
163.2,1.40218528119,163.2,0.830974313938,163.2,1.11657979756
164.4,1.4029192915,164.4,0.84191275227,164.4,1.12241602189
165.6,1.40364790254,165.6,0.852544547696,165.6,1.12809622512
166.8,1.40437117377,166.8,0.862882418122,166.8,1.13362679595
168,1.40508916381,168,0.872938387754,168,1.13901377578
169.2,1.4058019304,169.2,0.882723833753,169.2,1.14426288208
170.4,1.40650953047,170.4,0.892249529185,170.4,1.14937952983
171.6,1.4072120201,171.6,0.901525682588,171.6,1.15436885134
172.8,1.40790945458,172.8,0.91056197447,172.8,1.15923571452
174,1.40860188838,174,0.919367591019,174,1.1639847397
175.2,1.40928937522,175.2,0.92795125525,175.2,1.16862031524
176.4,1.40997196804,176.4,0.93632125584,176.4,1.17314661194
177.6,1.41064971903,177.6,0.944485473824,177.6,1.17756759643
178.8,1.41132267962,178.8,0.952451407354,178.8,1.18188704349
180,1.41199090055,180,0.960226194671,180,1.18610854761
181.2,1.41265443183,181.2,0.967816635442,181.2,1.19023553363
182.4,1.41331332275,182.4,0.9752292106,182.4,1.19427126667
183.6,1.41396762194,183.6,0.982470100804,183.6,1.19821886137
184.8,1.41461737734,184.8,0.989545203628,184.8,1.20208129048
186,1.41526263623,186,0.996460149588,186,1.20586139291
187.2,1.41590344522,187.2,1.00322031708,187.2,1.20956188115
188.4,1.41653985031,188.4,1.00983084636,188.4,1.21318534834
189.6,1.41717189683,189.6,1.01629665255,189.6,1.21673427469
190.8,1.41779962952,190.8,1.02262243783,190.8,1.22021103368
192,1.4184230925,192,1.02881270289,192,1.22361789769
193.2,1.41904232928,193.2,1.03487175755,193.2,1.22695704341
194.4,1.4196573828,194.4,1.0408037308,194.4,1.2302305568
195.6,1.4202682954,195.6,1.04661258022,195.6,1.23344043781
196.8,1.42087510886,196.8,1.05230210069,196.8,1.23658860478
198,1.42147786442,198,1.05787593278,198,1.2396768986
199.2,1.42207660273,199.2,1.06333757042,199.2,1.24270708658
200.4,1.42267136392,200.4,1.06869036827,200.4,1.2456808661
201.6,1.42326218759,201.6,1.07393754856,201.6,1.24859986807
202.8,1.42384911281,202.8,1.07908220756,202.8,1.25146566018
204,1.42443217814,204,1.0841273217,204,1.25427974992
205.2,1.42501142162,205.2,1.0890757533,205.2,1.25704358746
206.4,1.42558688081,206.4,1.09393025597,206.4,1.25975856839
207.6,1.42615859276,207.6,1.09869347973,207.6,1.26242603625
208.8,1.42672659406,208.8,1.10336797588,208.8,1.26504728497
210,1.42729092081,210,1.10795620148,210,1.26762356114
211.2,1.42785160864,211.2,1.1124605237,211.2,1.27015606617
212.4,1.42840869274,212.4,1.11688322391,212.4,1.27264595833
213.6,1.42896220783,213.6,1.12122650151,213.6,1.27509435467
214.8,1.42951218818,214.8,1.12549247757,214.8,1.27750233288
216,1.43005866765,216,1.12968319831,216,1.27987093298
217.2,1.43060167964,217.2,1.13380063836,217.2,1.282201159
218.4,1.43114125715,218.4,1.13784670387,218.4,1.28449398051
219.6,1.43167743274,219.6,1.14182323544,219.6,1.28675033409
220.8,1.43221023857,220.8,1.14573201092,220.8,1.28897112475
222,1.43273970641,222,1.14957474808,222,1.29115722724
223.2,1.43326586761,223.2,1.15335310709,223.2,1.29330948735
224.4,1.43378875314,224.4,1.15706869296,224.4,1.29542872305
225.6,1.43430839359,225.6,1.16072305776,225.6,1.29751572567
226.8,1.43482481914,226.8,1.16431770283,226.8,1.29957126099
228,1.43533805964,228,1.16785408082,228,1.30159607023
229.2,1.43584814454,229.2,1.17133359762,229.2,1.30359087108
230.4,1.43635510295,230.4,1.17475761429,230.4,1.30555635862
231.6,1.4368589636,231.6,1.17812744875,231.6,1.30749320618
232.8,1.43735975488,232.8,1.18144437757,232.8,1.30940206623
234,1.43785750485,234,1.18470963749,234,1.31128357117
235.2,1.4383522412,235.2,1.18792442702,235.2,1.31313833411
236.4,1.4388439913,236.4,1.19108990788,236.4,1.31496694959
237.6,1.4393327822,237.6,1.19420720641,237.6,1.3167699943
238.8,1.4398186406,238.8,1.19727741491,238.8,1.31854802775
240,1.44030159289,240,1.20030159289,240,1.32030159289
241.2,1.44078166517,241.2,1.20328076835,241.2,1.32203121676
242.4,1.44125888318,242.4,1.20621593887,242.4,1.32373741103
243.6,1.44173327239,243.6,1.20910807278,243.6,1.32542067258
244.8,1.44220485795,244.8,1.21195811019,244.8,1.32708148407
246,1.44267366474,246,1.21476696404,246,1.32872031439
247.2,1.4431397173,247.2,1.21753552106,247.2,1.33033761918
248.4,1.44360303993,248.4,1.22026464271,248.4,1.33193384132
249.6,1.44406365661,249.6,1.22295516604,249.6,1.33350941133
250.8,1.44452159106,250.8,1.22560790462,250.8,1.33506474784
252,1.44497686671,252,1.22822364928,252,1.336600258
253.2,1.44542950674,253.2,1.23080316896,253.2,1.33811633785
254.4,1.44587953403,254.4,1.2333472114,254.4,1.33961337272
255.6,1.44632697122,255.6,1.23585650395,255.6,1.34109173758
256.8,1.44677184067,256.8,1.23833175417,256.8,1.34255179742
258,1.44721416451,258,1.24077365056,258,1.34399390754
259.2,1.4476539646,259.2,1.24318286318,259.2,1.34541841389
260.4,1.44809126254,260.4,1.24556004426,260.4,1.3468256534
261.6,1.44852607971,261.6,1.24790582877,261.6,1.34821595424
262.8,1.44895843722,262.8,1.25022083503,262.8,1.34958963612
264,1.44938835596,264,1.25250566523,264,1.35094701059
265.2,1.44981585657,265.2,1.25476090594,265.2,1.35228838126
266.4,1.45024095948,266.4,1.25698712863,266.4,1.35361404406
267.6,1.45066368487,267.6,1.25918489015,267.6,1.35492428751
268.8,1.4510840527,268.8,1.26135473319,268.8,1.35621939295
270,1.4515020827,270,1.26349718674,270,1.35749963472
271.2,1.45191779441,271.2,1.2656127665,271.2,1.35876528045
272.4,1.4523312071,272.4,1.2677019753,272.4,1.3600165912
273.6,1.45274233989,273.6,1.2697653035,273.6,1.36125382169
274.8,1.45315121163,274.8,1.27180322941,274.8,1.36247722052
276,1.453557841,276,1.27381621958,276,1.36368703029
277.2,1.45396224647,277.2,1.27580472925,277.2,1.36488348786
278.4,1.4543644463,278.4,1.2777692026,278.4,1.36606682445
279.6,1.45476445854,279.6,1.27971007316,279.6,1.36723726585
280.8,1.45516230107,280.8,1.28162776409,280.8,1.36839503258
282,1.45555799156,282,1.28352268848,282,1.36954034002
283.2,1.45595154749,283.2,1.28539524969,283.2,1.37067339859
284.4,1.45634298614,284.4,1.28724584159,284.4,1.37179441387
285.6,1.45673232463,285.6,1.28907484885,285.6,1.37290358674
286.8,1.45711957987,286.8,1.29088264722,286.8,1.37400111355
288,1.45750476862,288,1.29266960378,288,1.3750871862
289.2,1.45788790742,289.2,1.29443607718,289.2,1.3761619923
290.4,1.45826901266,290.4,1.2961824179,290.4,1.37722571528
291.6,1.45864810056,291.6,1.29790896845,291.6,1.3782785345
292.8,1.45902518715,292.8,1.29961606363,292.8,1.37932062539
294,1.4594002883,294,1.30130403074,294,1.38035215952
295.2,1.45977341972,295.2,1.30297318974,295.2,1.38137330473
296.4,1.46014459694,296.4,1.30462385355,296.4,1.38238422524
297.6,1.46051383533,297.6,1.30625632813,297.6,1.38338508173
298.8,1.46088115011,298.8,1.30787091277,298.8,1.38437603144
300,1.46124655634,300,1.30946790021,300,1.38535722827
301.2,1.4616100689,301.2,1.31104757684,301.2,1.38632882287
302.4,1.46197170255,302.4,1.31261022287,302.4,1.38729096271
303.6,1.46233147187,303.6,1.31415611251,303.6,1.38824379219
304.8,1.46268939131,304.8,1.31568551408,304.8,1.38918745269
306,1.46304547515,306,1.31719869023,306,1.39012208269
307.2,1.46339973754,307.2,1.31869589806,307.2,1.3910478178
308.4,1.46375219247,308.4,1.32017738925,308.4,1.39196479086
309.6,1.46410285381,309.6,1.32164341023,309.6,1.39287313202
310.8,1.46445173527,310.8,1.32309420231,310.8,1.39377296879
312,1.46479885042,312,1.3245300018,312,1.39466442611
313.2,1.46514421271,313.2,1.32595104013,313.2,1.39554762642
314.4,1.46548783543,314.4,1.32735754403,314.4,1.39642268973
315.6,1.46582973175,315.6,1.32874973557,315.6,1.39728973366
316.8,1.4661699147,316.8,1.33012783235,316.8,1.39814887353
318,1.4665083972,318,1.33149204756,318,1.39900022238
319.2,1.46684519201,319.2,1.33284259012,319.2,1.39984389106
320.4,1.46718031178,320.4,1.33417966478,320.4,1.40067998828
321.6,1.46751376903,321.6,1.33550347223,321.6,1.40150862063
322.8,1.46784557616,322.8,1.33681420917,322.8,1.40232989266
324,1.46817574545,324,1.33811206844,324,1.40314390694
325.2,1.46850428904,325.2,1.33939723912,325.2,1.40395076408
326.4,1.46883121897,326.4,1.3406699066,326.4,1.40475056278
327.6,1.46915654715,327.6,1.34193025265,327.6,1.4055433999
328.8,1.46948028538,328.8,1.34317845558,328.8,1.40632937048
330,1.46980244533,330,1.34441469023,330,1.40710856778
331.2,1.47012303859,331.2,1.34563912813,331.2,1.40788108336
332.4,1.47044207659,332.4,1.34685193754,332.4,1.40864700706
333.6,1.47075957069,333.6,1.34805328352,333.6,1.40940642711
334.8,1.47107553211,334.8,1.34924332805,334.8,1.41015943008
336,1.47138997199,336,1.35042223005,336,1.41090610102
337.2,1.47170290133,337.2,1.35159014548,337.2,1.41164652341
338.4,1.47201433105,338.4,1.35274722741,338.4,1.41238077923
339.6,1.47232427196,339.6,1.35389362606,339.6,1.41310894901
340.8,1.47263273475,340.8,1.3550294889,340.8,1.41383111183
342,1.47293973003,342,1.35615496071,342,1.41454734537
343.2,1.4732452683,343.2,1.35727018361,343.2,1.41525772596
344.4,1.47354935995,344.4,1.35837529715,344.4,1.41596232855
345.6,1.47385201529,345.6,1.35947043835,345.6,1.41666122682
346.8,1.47415324451,346.8,1.36055574176,346.8,1.41735449314
348,1.47445305773,348,1.36163133955,348,1.41804219864
349.2,1.47475146495,349.2,1.3626973615,349.2,1.41872441322
350.4,1.4750484761,350.4,1.36375393509,350.4,1.4194012056
351.6,1.47534410099,351.6,1.36480118558,351.6,1.42007264328
352.8,1.47563834936,352.8,1.36583923598,352.8,1.42073879267
354,1.47593123084,354,1.36686820718,354,1.42139971901
355.2,1.476222755,355.2,1.36788821795,355.2,1.42205548647
356.4,1.47651293129,356.4,1.36889938499,356.4,1.42270615814
357.6,1.47680176909,357.6,1.36990182298,357.6,1.42335179603
358.8,1.47708927768,358.8,1.37089564465,358.8,1.42399246116
360,1.47737546627,360,1.37188096077,360,1.42462821352
361.2,1.47766034397,361.2,1.37285788024,361.2,1.4252591121
362.4,1.47794391982,362.4,1.37382651009,362.4,1.42588521495
363.6,1.47822620277,363.6,1.37478695555,363.6,1.42650657916
364.8,1.47850720169,364.8,1.37573932008,364.8,1.42712326088
366,1.47878692536,366,1.37668370539,366,1.42773531538
367.2,1.4790653825,367.2,1.3776202115,367.2,1.428342797
368.4,1.47934258173,368.4,1.37854893677,368.4,1.42894575925
369.6,1.47961853161,369.6,1.37946997792,369.6,1.42954425476
370.8,1.4798932406,370.8,1.38038343007,370.8,1.43013833534
372,1.48016671711,372,1.3812893868,372,1.43072805195
373.2,1.48043896945,373.2,1.38218794012,373.2,1.43131345478
374.4,1.48071000587,374.4,1.38307918057,374.4,1.43189459322
375.6,1.48097983455,375.6,1.38396319721,375.6,1.43247151588
376.8,1.48124846359,376.8,1.38484007766,376.8,1.43304427063
378,1.481515901,378,1.38570990814,378,1.43361290457
379.2,1.48178215476,379.2,1.38657277346,379.2,1.43417746411
380.4,1.48204723273,380.4,1.3874287571,380.4,1.43473799491
381.6,1.48231114275,381.6,1.38827794119,381.6,1.43529454197
382.8,1.48257389255,382.8,1.38912040659,382.8,1.43584714957
384,1.48283548981,384,1.38995623284,384,1.43639586133
385.2,1.48309594214,385.2,1.39078549827,385.2,1.43694072021
386.4,1.48335525709,386.4,1.39160827997,386.4,1.43748176853
387.6,1.48361344214,387.6,1.3924246538,387.6,1.43801904797
388.8,1.48387050469,388.8,1.39323469448,388.8,1.43855259958
390,1.48412645209,390,1.39403847555,390,1.43908246382
391.2,1.48438129163,391.2,1.39483606943,391.2,1.43960868053
392.4,1.48463503052,392.4,1.3956275474,392.4,1.44013128896
393.6,1.48488767593,393.6,1.39641297969,393.6,1.44065032781
394.8,1.48513923495,394.8,1.39719243543,394.8,1.44116583519
396,1.48538971461,396,1.39796598271,396,1.44167784866
397.2,1.48563912188,397.2,1.39873368857,397.2,1.44218640523
398.4,1.48588746369,398.4,1.39949561908,398.4,1.44269154138
399.6,1.48613474688,399.6,1.40025183928,399.6,1.44319329308
400.8,1.48638097825,400.8,1.40100241325,400.8,1.44369169575
402,1.48662616454,402,1.40174740412,402,1.44418678433
403.2,1.48687031243,403.2,1.40248687408,403.2,1.44467859325
404.4,1.48711342854,404.4,1.4032208844,404.4,1.44516715647
405.6,1.48735551943,405.6,1.40394949543,405.6,1.44565250743
406.8,1.48759659163,406.8,1.40467276666,406.8,1.44613467915
408,1.48783665158,408,1.4053907567,408,1.44661370414
409.2,1.4880757057,409.2,1.4061035233,409.2,1.4470896145
410.4,1.48831376032,410.4,1.40681112337,410.4,1.44756244184
411.6,1.48855082174,411.6,1.407513613,411.6,1.44803221737
412.8,1.4887868962,412.8,1.40821104747,412.8,1.44849897184
414,1.4890219899,414,1.40890348128,414,1.44896273559
415.2,1.48925610898,415.2,1.40959096812,415.2,1.44942353855
416.4,1.48948925951,416.4,1.41027356094,416.4,1.44988141022
417.6,1.48972144754,417.6,1.41095131192,417.6,1.45033637973
418.8,1.48995267905,418.8,1.41162427252,418.8,1.45078847578
420,1.49018295998,420,1.41229249345,420,1.45123772671
421.2,1.49041229622,421.2,1.41295602472,421.2,1.45168416047
422.4,1.4906406936,422.4,1.41361491564,422.4,1.45212780462
423.6,1.49086815793,423.6,1.41426921484,423.6,1.45256868638
424.8,1.49109469494,424.8,1.41491897024,424.8,1.45300683259
426,1.49132031032,426,1.41556422912,426,1.45344226972
427.2,1.49154500974,427.2,1.41620503812,427.2,1.45387502393
428.4,1.49176879879,428.4,1.4168414432,428.4,1.454305121
429.6,1.49199168303,429.6,1.41747348973,429.6,1.45473258638
430.8,1.49221366798,430.8,1.41810122242,430.8,1.4551574452
432,1.4924347591,432,1.41872468539,432,1.45557972225
433.2,1.49265496182,433.2,1.41934392217,433.2,1.455999442
434.4,1.49287428152,434.4,1.41995897569,434.4,1.45641662861
435.6,1.49309272354,435.6,1.42056988829,435.6,1.45683130592
436.8,1.49331029317,436.8,1.42117670176,436.8,1.45724349746
438,1.49352699566,438,1.42177945731,438,1.45765322649
439.2,1.49374283623,439.2,1.42237819562,439.2,1.45806051592
440.4,1.49395782003,440.4,1.42297295681,440.4,1.45846538842
441.6,1.4941719522,441.6,1.42356378048,441.6,1.45886786634
442.8,1.49438523783,442.8,1.4241507057,442.8,1.45926797177
444,1.49459768195,444,1.42473377103,444,1.45966572649
445.2,1.49480928959,445.2,1.42531301451,445.2,1.46006115205
446.4,1.49502006569,446.4,1.4258884737,446.4,1.46045426969
447.6,1.49523001519,447.6,1.42646018566,447.6,1.46084510042
448.8,1.49543914297,448.8,1.42702818696,448.8,1.46123366496
450,1.49564745389,450,1.4275925137,450,1.4616199838
451.2,1.49585495276,451.2,1.42815320154,451.2,1.46200407715
452.4,1.49606164434,452.4,1.42871028564,452.4,1.46238596499
453.6,1.49626753339,453.6,1.42926380072,453.6,1.46276566705
454.8,1.49647262459,454.8,1.42981378108,454.8,1.46314320283
456,1.4966769226,456,1.43036026054,456,1.46351859157
457.2,1.49688043207,457.2,1.43090327253,457.2,1.4638918523
458.4,1.49708315756,458.4,1.43144285004,458.4,1.4642630038
459.6,1.49728510365,459.6,1.43197902563,459.6,1.46463206464
460.8,1.49748627485,460.8,1.43251183147,460.8,1.46499905316
462,1.49768667565,462,1.43304129931,462,1.46536398748
463.2,1.49788631049,463.2,1.43356746051,463.2,1.4657268855
464.4,1.49808518379,464.4,1.43409034604,464.4,1.46608776491
465.6,1.49828329993,465.6,1.43460998648,465.6,1.46644664321
466.8,1.49848066327,466.8,1.43512641204,466.8,1.46680353766
468,1.49867727812,468,1.43563965254,468,1.46715846533
469.2,1.49887314876,469.2,1.43614973744,469.2,1.4675114431
470.4,1.49906827943,470.4,1.43665669584,470.4,1.46786248764
471.6,1.49926267437,471.6,1.43716055649,471.6,1.46821161543
472.8,1.49945633775,472.8,1.43766134778,472.8,1.46855884276
474,1.49964927373,474,1.43815909774,474,1.46890418574
475.2,1.49984148643,475.2,1.43865383409,475.2,1.46924766026
476.4,1.50003297994,476.4,1.4391455842,476.4,1.46958928207
477.6,1.50022375832,477.6,1.43963437509,477.6,1.4699290667
478.8,1.5004138256,478.8,1.44012023349,478.8,1.47026702955
480,1.50060318579,480,1.44060318579,480,1.47060318579
481.2,1.50079184285,481.2,1.44108325806,481.2,1.47093755046
482.4,1.50097980072,482.4,1.44156047607,482.4,1.4712701384
483.6,1.50116706332,483.6,1.44203486528,483.6,1.4716009643
484.8,1.50135363452,484.8,1.44250645085,484.8,1.47193004268
486,1.50153951818,486,1.44297525763,486,1.47225738791
487.2,1.50172471813,487.2,1.4434413102,487.2,1.47258301416
488.4,1.50190923815,488.4,1.44390463282,488.4,1.47290693549
489.6,1.50209308202,489.6,1.44436524951,489.6,1.47322916576
490.8,1.50227625347,490.8,1.44482318395,490.8,1.47354971871
492,1.50245875623,492,1.44527845961,492,1.47386860792
493.2,1.50264059397,493.2,1.44573109963,493.2,1.4741858468
494.4,1.50282177036,494.4,1.44618112692,494.4,1.47450144864
495.6,1.50300228902,495.6,1.44662856411,495.6,1.47481542657
496.8,1.50318215356,496.8,1.44707343357,496.8,1.47512779357
498,1.50336136757,498,1.44751575741,498,1.47543856249
499.2,1.50353993458,499.2,1.4479555575,499.2,1.47574774604
500.4,1.50371785813,500.4,1.44839285544,500.4,1.47605535679
501.6,1.50389514173,501.6,1.4488276726,501.6,1.47636140716
502.8,1.50407178883,502.8,1.44926003011,502.8,1.47666590947
504,1.50424780291,504,1.44968994885,504,1.47696887588
505.2,1.50442318738,505.2,1.45011744947,505.2,1.47727031842
506.4,1.50459794564,506.4,1.45054255238,506.4,1.47757024901
507.6,1.50477208108,507.6,1.45096527777,507.6,1.47786867942
508.8,1.50494559703,508.8,1.45138564559,508.8,1.47816562131
510,1.50511849684,510,1.4518036756,510,1.47846108622
511.2,1.50529078381,511.2,1.4522193873,511.2,1.47875508555
512.4,1.50546246121,512.4,1.4526328,512.4,1.4790476306
513.6,1.50563353231,513.6,1.45304393278,513.6,1.47933873255
514.8,1.50580400034,514.8,1.45345280452,514.8,1.47962840243
516,1.50597386851,516,1.4538594339,516,1.4799166512
517.2,1.50614314001,517.2,1.45426383937,517.2,1.48020348969
518.4,1.50631181801,518.4,1.45466603919,518.4,1.4804889286
519.6,1.50647990565,519.6,1.45506605144,519.6,1.48077297854
520.8,1.50664740605,520.8,1.45546389397,520.8,1.48105565001
522,1.50681432232,522,1.45585958446,522,1.48133695339
523.2,1.50698065752,523.2,1.45625314038,523.2,1.48161689895
524.4,1.50714641472,524.4,1.45664457903,524.4,1.48189549688
525.6,1.50731159696,525.6,1.45703391752,525.6,1.48217275724
526.8,1.50747620724,526.8,1.45742117277,526.8,1.48244869
528,1.50764024855,528,1.45780636151,528,1.48272330503
529.2,1.50780372388,529.2,1.45818950031,529.2,1.4829966121
530.4,1.50796663617,530.4,1.45857060555,530.4,1.48326862086
531.6,1.50812898835,531.6,1.45894969345,531.6,1.4835393409
532.8,1.50829078334,532.8,1.45932678004,532.8,1.48380878169
534,1.50845202402,534,1.4597018812,534,1.48407695261
535.2,1.50861271326,535.2,1.46007501261,535.2,1.48434386294
536.4,1.50877285392,536.4,1.46044618983,536.4,1.48460952187
537.6,1.50893244882,537.6,1.46081542822,537.6,1.48487393852
538.8,1.50909150078,538.8,1.46118274301,538.8,1.48513712189
540,1.50925001258,540,1.46154814923,540,1.48539908091
541.2,1.50940798701,541.2,1.4619116618,541.2,1.48565982441
542.4,1.50956542682,542.4,1.46227329544,542.4,1.48591936113
543.6,1.50972233474,543.6,1.46263306477,543.6,1.48617769975
544.8,1.50987871349,544.8,1.4629909842,544.8,1.48643484884
546,1.51003456576,546,1.46334706804,546,1.4866908169
547.2,1.51018989424,547.2,1.46370133043,547.2,1.48694561234
548.4,1.51034470159,548.4,1.46405378537,548.4,1.48719924348
549.6,1.51049899046,549.6,1.46440444671,549.6,1.48745171858
550.8,1.51065276346,550.8,1.46475332817,550.8,1.48770304581
552,1.51080602321,552,1.46510044332,552,1.48795323326
553.2,1.5109587723,553.2,1.4654458056,553.2,1.48820228895
554.4,1.51111101329,554.4,1.46578942832,554.4,1.48845022081
555.6,1.51126274876,555.6,1.46613132464,555.6,1.4886970367
556.8,1.51141398123,556.8,1.4664715076,556.8,1.48894274441
558,1.51156471323,558,1.46680999009,558,1.48918735166
559.2,1.51171494726,559.2,1.4671467849,559.2,1.48943086608
560.4,1.51186468582,560.4,1.46748190467,560.4,1.48967329524
561.6,1.51201393136,561.6,1.46781536193,561.6,1.48991464665
562.8,1.51216268636,562.8,1.46814716906,562.8,1.49015492771
564,1.51231095325,564,1.46847733834,564,1.4903941458
565.2,1.51245873444,565.2,1.46880588193,565.2,1.49063230819
566.4,1.51260603236,566.4,1.46913281186,566.4,1.49086942211
567.6,1.51275284938,567.6,1.46945814004,567.6,1.49110549471
568.8,1.51289918789,568.8,1.46978187827,568.8,1.49134053308
570,1.51304505025,570,1.47010403823,570,1.49157454424
571.2,1.51319043879,571.2,1.47042463148,571.2,1.49180753514
572.4,1.51333535585,572.4,1.47074366948,572.4,1.49203951267
573.6,1.51347980375,573.6,1.47106116358,573.6,1.49227048366
574.8,1.51362378477,574.8,1.47137712501,574.8,1.49250045489
576,1.51376730121,576,1.47169156488,576,1.49272943305
577.2,1.51391035533,577.2,1.47200449423,577.2,1.49295742478
578.4,1.51405294939,578.4,1.47231592395,578.4,1.49318443667
579.6,1.51419508562,579.6,1.47262586486,579.6,1.49341047524
580.8,1.51433676625,580.8,1.47293432765,580.8,1.49363554695
582,1.5144779935,582,1.47324132293,582,1.49385965821
583.2,1.51461876955,583.2,1.4735468612,583.2,1.49408281537
584.4,1.51475909659,584.4,1.47385095285,584.4,1.49430502472
585.6,1.51489897679,585.6,1.47415360818,585.6,1.49452629249
586.8,1.5150384123,586.8,1.47445483741,586.8,1.49474662485
588,1.51517740527,588,1.47475465062,588,1.49496602794
589.2,1.51531595781,589.2,1.47505305785,589.2,1.49518450783
590.4,1.51545407204,590.4,1.47535006899,590.4,1.49540207052
591.6,1.51559175006,591.6,1.47564569388,591.6,1.49561872197
592.8,1.51572899396,592.8,1.47593994225,592.8,1.49583446811
594,1.51586580581,594,1.47623282374,594,1.49604931477
595.2,1.51600218767,595.2,1.47652434789,595.2,1.49626326778
596.4,1.51613814158,596.4,1.47681452418,596.4,1.49647633288
597.6,1.51627366958,597.6,1.47710336198,597.6,1.49668851578
598.8,1.51640877369,598.8,1.47739087057,598.8,1.49689982213
600,1.51654345592,600,1.47767705916,600,1.49711025754
